startDateTime,endDateTime,windSpeedMean,windSpeedMinimum,windSpeedMaximum,windSpeedVariance,windSpeedNumPts,windSpeedExpUncert,windSpeedStdErMean,windSpeedFinalQF,windDirMean,windDirVariance,windDirNumPts,windDirExpUncert,windDirStdErMean,windDirFinalQF
"2020-06-01T00:00:00Z","2020-06-01T00:30:00Z",4.52,0.53,8.74,2.77,1800.00,0.31,0.04,0,60.38,692.77,1800.00,4.64,0.62,1
"2020-06-01T00:30:00Z","2020-06-01T01:00:00Z",5.61,2.38,11.24,3.50,1800.00,0.45,0.04,0,64.58,122.22,1800.00,4.50,0.26,0
"2020-06-01T01:00:00Z","2020-06-01T01:30:00Z",6.58,1.53,12.57,3.37,1800.00,0.53,0.04,0,43.28,185.23,1800.00,4.52,0.32,1
"2020-06-01T01:30:00Z","2020-06-01T02:00:00Z",7.78,1.08,16.46,5.49,1800.00,0.81,0.06,0,40.93,104.60,1800.00,4.50,0.24,1
"2020-06-01T02:00:00Z","2020-06-01T02:30:00Z",9.96,3.21,15.45,4.01,1800.00,0.73,0.05,0,51.78,77.09,1800.00,4.49,0.21,0
"2020-06-01T02:30:00Z","2020-06-01T03:00:00Z",7.53,2.66,13.70,4.32,1800.00,0.61,0.05,0,55.29,107.46,1800.00,4.50,0.24,0
"2020-06-01T03:00:00Z","2020-06-01T03:30:00Z",6.31,2.44,10.73,1.41,1791.00,0.41,0.03,0,60.45,149.15,1791.00,4.51,0.29,0
"2020-06-01T03:30:00Z","2020-06-01T04:00:00Z",4.31,2.19,7.14,0.64,1800.00,0.22,0.02,0,79.49,44.23,1800.00,4.48,0.16,0
"2020-06-01T04:00:00Z","2020-06-01T04:30:00Z",3.45,1.75,5.77,0.41,1800.00,0.15,0.02,0,95.60,227.36,1800.00,4.53,0.36,0
"2020-06-01T04:30:00Z","2020-06-01T05:00:00Z",2.71,1.11,4.30,0.22,1800.00,0.09,0.01,0,81.33,406.19,1800.00,4.57,0.48,0
"2020-06-01T05:00:00Z","2020-06-01T05:30:00Z",2.30,0.44,4.22,0.36,1800.00,0.09,0.01,0,67.29,373.81,1800.00,4.56,0.46,0
"2020-06-01T05:30:00Z","2020-06-01T06:00:00Z",2.79,1.47,4.21,0.26,1800.00,0.09,0.01,0,96.39,207.58,1800.00,4.52,0.34,0
"2020-06-01T06:00:00Z","2020-06-01T06:30:00Z",2.67,1.01,4.37,0.32,1800.00,0.09,0.01,0,77.07,121.41,1800.00,4.50,0.26,0
"2020-06-01T06:30:00Z","2020-06-01T07:00:00Z",2.28,1.62,3.67,0.16,1800.00,0.08,0.01,0,73.59,138.09,1800.00,4.51,0.28,0
"2020-06-01T07:00:00Z","2020-06-01T07:30:00Z",1.47,0.33,3.27,0.34,1800.00,0.07,0.01,0,84.54,2849.65,1800.00,5.13,1.26,1
"2020-06-01T07:30:00Z","2020-06-01T08:00:00Z",0.95,0.01,2.27,0.26,1793.00,0.05,0.01,0,85.38,6238.76,1793.00,5.82,1.87,0
"2020-06-01T08:00:00Z","2020-06-01T08:30:00Z",1.27,0.13,2.65,0.29,1800.00,0.06,0.01,0,318.57,1711.97,1800.00,4.88,0.98,0
"2020-06-01T08:30:00Z","2020-06-01T09:00:00Z",0.83,0.01,1.96,0.18,1800.00,0.05,0.01,0,277.12,2548.55,1800.00,5.07,1.19,0
"2020-06-01T09:00:00Z","2020-06-01T09:30:00Z",1.61,0.82,2.85,0.08,1800.00,0.06,0.01,0,231.59,599.93,1800.00,4.62,0.58,0
"2020-06-01T09:30:00Z","2020-06-01T10:00:00Z",1.45,0.57,2.74,0.22,1800.00,0.06,0.01,0,234.58,133.85,1800.00,4.51,0.27,0
"2020-06-01T10:00:00Z","2020-06-01T10:30:00Z",1.67,0.52,3.35,0.37,1800.00,0.07,0.01,0,228.01,265.37,1800.00,4.54,0.38,0
"2020-06-01T10:30:00Z","2020-06-01T11:00:00Z",2.51,1.63,3.58,0.14,1800.00,0.07,0.01,0,236.89,201.26,1800.00,4.52,0.33,0
"2020-06-01T11:00:00Z","2020-06-01T11:30:00Z",2.05,0.84,2.89,0.18,1800.00,0.06,0.01,0,232.34,171.54,1800.00,4.51,0.31,0
"2020-06-01T11:30:00Z","2020-06-01T12:00:00Z",2.61,1.89,3.14,0.03,1790.00,0.06,0.00,0,227.06,112.75,1790.00,4.50,0.25,0
"2020-06-01T12:00:00Z","2020-06-01T12:30:00Z",3.01,2.17,3.88,0.08,1800.00,0.08,0.01,0,230.58,151.41,1800.00,4.51,0.29,0
"2020-06-01T12:30:00Z","2020-06-01T13:00:00Z",2.76,1.78,3.88,0.09,1800.00,0.08,0.01,0,225.57,181.11,1800.00,4.52,0.32,0
"2020-06-01T13:00:00Z","2020-06-01T13:30:00Z",2.71,1.52,3.62,0.13,1800.00,0.08,0.01,0,243.31,147.43,1800.00,4.51,0.29,0
"2020-06-01T13:30:00Z","2020-06-01T14:00:00Z",1.89,1.07,2.68,0.09,1800.00,0.06,0.01,0,223.38,169.66,1800.00,4.51,0.31,0
"2020-06-01T14:00:00Z","2020-06-01T14:30:00Z",1.54,0.96,2.34,0.04,1799.00,0.05,0.00,0,248.89,59.99,1799.00,4.49,0.18,0
"2020-06-01T14:30:00Z","2020-06-01T15:00:00Z",1.26,0.36,1.98,0.07,1800.00,0.04,0.01,0,244.71,967.75,1800.00,4.71,0.73,0
"2020-06-01T15:00:00Z","2020-06-01T15:30:00Z",0.63,0.02,1.70,0.11,1800.00,0.04,0.01,0,130.12,1760.36,1800.00,4.89,0.99,0
"2020-06-01T15:30:00Z","2020-06-01T16:00:00Z",1.49,0.01,3.03,0.37,1800.00,0.07,0.01,0,86.87,388.44,1800.00,4.57,0.46,0
"2020-06-01T16:00:00Z","2020-06-01T16:30:00Z",1.22,0.01,3.42,0.49,1794.00,0.08,0.02,0,226.66,5615.45,1794.00,5.70,1.77,0
"2020-06-01T16:30:00Z","2020-06-01T17:00:00Z",2.42,0.43,4.60,0.54,1800.00,0.10,0.02,0,252.00,325.40,1800.00,4.55,0.43,0
"2020-06-01T17:00:00Z","2020-06-01T17:30:00Z",2.86,0.65,5.34,0.70,1800.00,0.12,0.02,0,268.07,595.63,1800.00,4.62,0.58,0
"2020-06-01T17:30:00Z","2020-06-01T18:00:00Z",2.75,0.55,5.85,1.06,1800.00,0.15,0.02,0,256.44,203.44,1800.00,4.52,0.34,0
"2020-06-01T18:00:00Z","2020-06-01T18:30:00Z",3.38,1.42,5.50,0.56,1800.00,0.13,0.02,0,276.45,167.75,1800.00,4.51,0.31,0
"2020-06-01T18:30:00Z","2020-06-01T19:00:00Z",3.27,0.70,5.74,0.56,1800.00,0.14,0.02,0,275.83,341.32,1800.00,4.56,0.44,0
"2020-06-01T19:00:00Z","2020-06-01T19:30:00Z",3.38,1.29,7.39,0.74,1800.00,0.23,0.02,0,276.56,417.21,1800.00,4.57,0.48,0
"2020-06-01T19:30:00Z","2020-06-01T20:00:00Z",3.08,0.74,6.10,0.74,1800.00,0.16,0.02,0,255.81,389.39,1800.00,4.57,0.47,0
"2020-06-01T20:00:00Z","2020-06-01T20:30:00Z",2.45,0.17,5.05,0.81,1800.00,0.11,0.02,0,246.63,1346.55,1800.00,4.80,0.86,0
"2020-06-01T20:30:00Z","2020-06-01T21:00:00Z",1.58,0.19,4.09,0.56,1789.00,0.09,0.02,0,338.65,4673.84,1789.00,5.52,1.62,1
"2020-06-01T21:00:00Z","2020-06-01T21:30:00Z",1.92,0.03,3.43,0.70,1800.00,0.08,0.02,0,244.51,4720.57,1800.00,5.52,1.62,0
"2020-06-01T21:30:00Z","2020-06-01T22:00:00Z",2.19,0.87,3.96,0.36,1800.00,0.08,0.01,0,310.50,248.49,1800.00,4.53,0.37,0
"2020-06-01T22:00:00Z","2020-06-01T22:30:00Z",2.50,1.01,4.22,0.25,1800.00,0.09,0.01,0,244.23,742.30,1800.00,4.65,0.64,0
"2020-06-01T22:30:00Z","2020-06-01T23:00:00Z",2.40,0.37,4.60,0.61,1800.00,0.10,0.02,0,188.42,195.67,1800.00,4.52,0.33,0
"2020-06-01T23:00:00Z","2020-06-01T23:30:00Z",2.67,0.91,6.92,1.30,1800.00,0.21,0.03,0,222.28,1922.15,1800.00,4.93,1.03,0
"2020-06-01T23:30:00Z","2020-06-02T00:00:00Z",4.28,2.11,6.52,0.52,1800.00,0.19,0.02,0,272.03,109.89,1800.00,4.50,0.25,0
"2020-06-02T00:00:00Z","2020-06-02T00:30:00Z",2.71,0.16,6.64,1.24,1800.00,0.20,0.03,0,354.66,6882.24,1800.00,5.94,1.96,0
"2020-06-02T00:30:00Z","2020-06-02T01:00:00Z",4.71,2.12,8.90,1.41,1792.00,0.32,0.03,0,134.87,247.85,1792.00,4.53,0.37,0
"2020-06-02T01:00:00Z","2020-06-02T01:30:00Z",2.99,0.13,7.52,1.09,1800.00,0.24,0.02,0,83.29,2135.31,1800.00,4.97,1.09,0
"2020-06-02T01:30:00Z","2020-06-02T02:00:00Z",1.08,0.05,3.29,0.26,1675.00,0.07,0.01,0,331.94,3191.83,1675.00,5.26,1.38,1
"2020-06-02T02:00:00Z","2020-06-02T02:30:00Z",2.29,1.23,3.15,0.09,1800.00,0.07,0.01,0,225.56,232.06,1800.00,4.53,0.36,0
"2020-06-02T02:30:00Z","2020-06-02T03:00:00Z",2.18,1.28,3.47,0.19,1120.00,0.08,0.01,1,246.67,143.97,1120.00,4.53,0.36,1
"2020-06-02T03:00:00Z","2020-06-02T03:30:00Z",,,,,,,,1,,,,,,1
"2020-06-02T03:30:00Z","2020-06-02T04:00:00Z",,,,,,,,1,,,,,,1
"2020-06-02T04:00:00Z","2020-06-02T04:30:00Z",,,,,,,,1,,,,,,1
"2020-06-02T04:30:00Z","2020-06-02T05:00:00Z",,,,,,,,1,,,,,,1
"2020-06-02T05:00:00Z","2020-06-02T05:30:00Z",1.26,0.86,1.69,0.02,202.00,0.04,0.01,1,317.50,97.92,202.00,4.68,0.70,1
"2020-06-02T05:30:00Z","2020-06-02T06:00:00Z",0.87,0.29,1.78,0.11,1800.00,0.04,0.01,0,281.49,715.93,1800.00,4.65,0.63,0
"2020-06-02T06:00:00Z","2020-06-02T06:30:00Z",0.81,0.13,1.31,0.08,1800.00,0.03,0.01,0,201.82,1059.76,1800.00,4.73,0.77,0
"2020-06-02T06:30:00Z","2020-06-02T07:00:00Z",0.99,0.02,1.59,0.16,1800.00,0.04,0.01,0,273.03,1484.29,1800.00,4.83,0.91,0
"2020-06-02T07:00:00Z","2020-06-02T07:30:00Z",1.37,0.75,2.10,0.06,1789.00,0.05,0.01,0,251.93,587.36,1789.00,4.62,0.57,0
"2020-06-02T07:30:00Z","2020-06-02T08:00:00Z",1.77,1.45,2.30,0.03,1800.00,0.05,0.00,0,237.77,121.11,1800.00,4.50,0.26,0
"2020-06-02T08:00:00Z","2020-06-02T08:30:00Z",1.50,0.10,2.83,0.29,1800.00,0.06,0.01,0,111.08,7072.79,1800.00,5.98,1.98,0
"2020-06-02T08:30:00Z","2020-06-02T09:00:00Z",1.38,0.32,2.88,0.30,1800.00,0.06,0.01,0,138.51,7871.60,1800.00,6.12,2.09,0
"2020-06-02T09:00:00Z","2020-06-02T09:30:00Z",1.51,0.34,2.63,0.33,1800.00,0.06,0.01,0,201.44,1132.55,1800.00,4.75,0.79,0
"2020-06-02T09:30:00Z","2020-06-02T10:00:00Z",1.32,0.55,2.45,0.21,1800.00,0.05,0.01,0,161.30,316.02,1800.00,4.55,0.42,0
"2020-06-02T10:00:00Z","2020-06-02T10:30:00Z",1.32,0.39,2.24,0.16,1800.00,0.05,0.01,0,157.49,1362.56,1800.00,4.80,0.87,0
"2020-06-02T10:30:00Z","2020-06-02T11:00:00Z",0.91,0.05,2.23,0.19,1800.00,0.05,0.01,0,248.52,586.91,1800.00,4.62,0.57,0
"2020-06-02T11:00:00Z","2020-06-02T11:30:00Z",1.88,0.79,2.58,0.14,1800.00,0.06,0.01,0,213.58,72.92,1800.00,4.49,0.20,0
"2020-06-02T11:30:00Z","2020-06-02T12:00:00Z",1.31,0.93,1.84,0.03,1791.00,0.04,0.00,0,228.14,96.31,1791.00,4.50,0.23,0
"2020-06-02T12:00:00Z","2020-06-02T12:30:00Z",1.66,0.71,2.23,0.13,1800.00,0.05,0.01,0,203.92,108.98,1800.00,4.50,0.25,0
"2020-06-02T12:30:00Z","2020-06-02T13:00:00Z",0.65,0.07,1.51,0.07,1800.00,0.03,0.01,0,138.92,6316.75,1800.00,5.83,1.87,0
"2020-06-02T13:00:00Z","2020-06-02T13:30:00Z",0.68,0.00,1.26,0.08,1800.00,0.03,0.01,0,245.81,1832.20,1800.00,4.91,1.01,0
"2020-06-02T13:30:00Z","2020-06-02T14:00:00Z",0.94,0.60,1.42,0.02,1800.00,0.03,0.00,0,230.78,495.90,1800.00,4.59,0.52,0
"2020-06-02T14:00:00Z","2020-06-02T14:30:00Z",0.94,0.01,1.76,0.16,1800.00,0.04,0.01,0,253.52,3236.06,1800.00,5.21,1.34,0
"2020-06-02T14:30:00Z","2020-06-02T15:00:00Z",0.78,0.06,1.96,0.23,1800.00,0.05,0.01,0,338.43,669.89,1800.00,4.64,0.61,1
"2020-06-02T15:00:00Z","2020-06-02T15:30:00Z",1.48,0.75,2.09,0.06,1800.00,0.04,0.01,0,286.03,562.73,1800.00,4.61,0.56,0
"2020-06-02T15:30:00Z","2020-06-02T16:00:00Z",1.18,0.38,1.86,0.06,1800.00,0.04,0.01,0,266.20,425.64,1800.00,4.58,0.49,0
"2020-06-02T16:00:00Z","2020-06-02T16:30:00Z",1.13,0.37,2.27,0.08,1789.00,0.05,0.01,0,287.66,624.43,1789.00,4.63,0.59,0
"2020-06-02T16:30:00Z","2020-06-02T17:00:00Z",0.92,0.01,2.17,0.13,1800.00,0.05,0.01,0,338.49,1600.10,1800.00,4.85,0.94,1
"2020-06-02T17:00:00Z","2020-06-02T17:30:00Z",1.07,0.01,2.53,0.17,1800.00,0.06,0.01,0,46.47,656.11,1800.00,4.63,0.60,1
"2020-06-02T17:30:00Z","2020-06-02T18:00:00Z",1.60,0.16,3.67,0.43,1800.00,0.08,0.02,0,57.37,398.83,1800.00,4.57,0.47,1
"2020-06-02T18:00:00Z","2020-06-02T18:30:00Z",2.73,0.89,5.50,0.81,1800.00,0.13,0.02,0,83.48,308.01,1800.00,4.55,0.41,0
"2020-06-02T18:30:00Z","2020-06-02T19:00:00Z",3.15,0.94,5.41,0.74,1800.00,0.13,0.02,0,93.21,354.16,1800.00,4.56,0.44,0
"2020-06-02T19:00:00Z","2020-06-02T19:30:00Z",3.18,0.46,6.05,0.73,1800.00,0.16,0.02,0,104.47,363.00,1800.00,4.56,0.45,0
"2020-06-02T19:30:00Z","2020-06-02T20:00:00Z",2.79,0.08,5.50,1.02,1800.00,0.14,0.02,0,96.98,577.56,1800.00,4.61,0.57,0
"2020-06-02T20:00:00Z","2020-06-02T20:30:00Z",3.92,1.08,7.05,1.25,1792.00,0.22,0.03,0,77.84,339.05,1792.00,4.56,0.43,0
"2020-06-02T20:30:00Z","2020-06-02T21:00:00Z",5.77,2.51,9.73,1.55,1800.00,0.36,0.03,0,90.17,179.37,1800.00,4.52,0.32,0
"2020-06-02T21:00:00Z","2020-06-02T21:30:00Z",6.15,2.31,10.87,2.30,1800.00,0.42,0.04,0,86.65,136.30,1800.00,4.51,0.28,0
"2020-06-02T21:30:00Z","2020-06-02T22:00:00Z",7.67,4.25,12.00,1.96,1800.00,0.48,0.03,0,67.56,68.19,1800.00,4.49,0.19,0
"2020-06-02T22:00:00Z","2020-06-02T22:30:00Z",5.91,2.44,8.96,1.15,1800.00,0.32,0.03,0,56.19,86.51,1800.00,4.49,0.22,0
"2020-06-02T22:30:00Z","2020-06-02T23:00:00Z",5.49,2.18,8.82,1.07,1800.00,0.31,0.02,0,58.66,100.65,1800.00,4.50,0.24,0
"2020-06-02T23:00:00Z","2020-06-02T23:30:00Z",5.50,0.83,9.94,1.88,1800.00,0.37,0.03,0,60.90,151.11,1800.00,4.51,0.29,0
"2020-06-02T23:30:00Z","2020-06-03T00:00:00Z",4.97,0.38,10.04,2.52,1800.00,0.38,0.04,0,50.68,229.08,1800.00,4.53,0.36,1
"2020-06-03T00:00:00Z","2020-06-03T00:30:00Z",4.06,0.49,7.98,1.29,1800.00,0.27,0.03,0,44.23,161.86,1800.00,4.51,0.30,1
"2020-06-03T00:30:00Z","2020-06-03T01:00:00Z",3.70,0.56,9.40,2.17,1792.00,0.35,0.03,0,46.97,494.85,1792.00,4.59,0.53,1
"2020-06-03T01:00:00Z","2020-06-03T01:30:00Z",4.90,0.16,9.20,1.56,1800.00,0.33,0.03,0,79.93,610.01,1800.00,4.62,0.58,0
"2020-06-03T01:30:00Z","2020-06-03T02:00:00Z",3.75,0.36,7.10,0.88,1800.00,0.22,0.02,0,117.71,1068.54,1800.00,4.73,0.77,0
"2020-06-03T02:00:00Z","2020-06-03T02:30:00Z",4.33,1.14,7.27,1.17,1800.00,0.23,0.03,0,172.77,307.67,1800.00,4.55,0.41,0
"2020-06-03T02:30:00Z","2020-06-03T03:00:00Z",4.58,1.76,7.87,1.07,1800.00,0.26,0.02,0,155.60,214.63,1800.00,4.53,0.35,0
"2020-06-03T03:00:00Z","2020-06-03T03:30:00Z",4.36,2.05,7.43,0.93,1800.00,0.24,0.02,0,139.23,199.78,1800.00,4.52,0.33,0
"2020-06-03T03:30:00Z","2020-06-03T04:00:00Z",3.35,1.03,5.97,0.80,1800.00,0.16,0.02,0,187.48,405.80,1800.00,4.57,0.47,0
"2020-06-03T04:00:00Z","2020-06-03T04:30:00Z",3.39,1.00,5.98,0.94,1800.00,0.16,0.02,0,190.36,319.93,1800.00,4.55,0.42,0
"2020-06-03T04:30:00Z","2020-06-03T05:00:00Z",4.71,2.35,7.65,0.85,1793.00,0.25,0.02,0,197.34,124.37,1793.00,4.50,0.26,0
"2020-06-03T05:00:00Z","2020-06-03T05:30:00Z",5.10,2.25,8.98,1.16,1800.00,0.32,0.03,0,194.40,88.68,1800.00,4.49,0.22,0
"2020-06-03T05:30:00Z","2020-06-03T06:00:00Z",4.86,2.04,8.24,0.97,1800.00,0.28,0.02,0,188.69,92.77,1800.00,4.50,0.23,0
"2020-06-03T06:00:00Z","2020-06-03T06:30:00Z",4.43,1.84,7.54,1.01,1800.00,0.24,0.02,0,190.77,102.60,1800.00,4.50,0.24,0
"2020-06-03T06:30:00Z","2020-06-03T07:00:00Z",2.26,0.04,5.97,1.70,1800.00,0.16,0.03,0,137.40,2686.39,1800.00,5.10,1.22,0
"2020-06-03T07:00:00Z","2020-06-03T07:30:00Z",0.65,0.03,1.68,0.11,1800.00,0.04,0.01,0,93.09,8189.61,1800.00,6.18,2.13,1
"2020-06-03T07:30:00Z","2020-06-03T08:00:00Z",0.80,0.18,3.29,0.23,1800.00,0.07,0.01,0,340.16,1405.47,1800.00,4.81,0.88,1
"2020-06-03T08:00:00Z","2020-06-03T08:30:00Z",2.68,0.30,5.74,1.21,1800.00,0.15,0.03,0,289.37,1525.91,1800.00,4.84,0.92,1
"2020-06-03T08:30:00Z","2020-06-03T09:00:00Z",2.59,1.26,4.70,0.34,1800.00,0.10,0.01,0,260.40,293.54,1800.00,4.54,0.40,0
"2020-06-03T09:00:00Z","2020-06-03T09:30:00Z",2.06,0.49,4.70,0.61,1791.00,0.10,0.02,0,220.94,2150.16,1791.00,4.98,1.10,0
"2020-06-03T09:30:00Z","2020-06-03T10:00:00Z",1.57,0.10,3.70,0.70,1800.00,0.08,0.02,0,144.01,3161.06,1800.00,5.20,1.33,0
"2020-06-03T10:00:00Z","2020-06-03T10:30:00Z",1.15,0.01,2.97,0.30,1800.00,0.07,0.01,0,56.40,8582.35,1800.00,6.25,2.18,0
"2020-06-03T10:30:00Z","2020-06-03T11:00:00Z",1.36,0.01,4.65,0.96,1800.00,0.10,0.02,0,358.13,4378.31,1800.00,5.45,1.56,1
"2020-06-03T11:00:00Z","2020-06-03T11:30:00Z",1.51,0.11,4.80,0.58,1800.00,0.10,0.02,0,276.72,4446.89,1800.00,5.47,1.57,0
"2020-06-03T11:30:00Z","2020-06-03T12:00:00Z",1.40,0.10,3.10,0.42,1800.00,0.07,0.02,0,243.29,6982.47,1800.00,5.96,1.97,0
"2020-06-03T12:00:00Z","2020-06-03T12:30:00Z",2.53,1.11,6.43,0.54,1800.00,0.18,0.02,0,245.48,1413.26,1800.00,4.81,0.89,0
"2020-06-03T12:30:00Z","2020-06-03T13:00:00Z",3.88,1.22,7.95,1.04,1800.00,0.26,0.02,0,224.05,103.82,1800.00,4.50,0.24,0
"2020-06-03T13:00:00Z","2020-06-03T13:30:00Z",3.89,1.57,6.96,0.81,1800.00,0.21,0.02,0,208.84,110.05,1800.00,4.50,0.25,0
"2020-06-03T13:30:00Z","2020-06-03T14:00:00Z",4.93,2.40,9.49,1.04,1790.00,0.35,0.02,0,199.11,65.18,1790.00,4.49,0.19,0
"2020-06-03T14:00:00Z","2020-06-03T14:30:00Z",3.64,1.73,7.11,0.58,1800.00,0.22,0.02,0,189.56,56.40,1800.00,4.49,0.18,0
"2020-06-03T14:30:00Z","2020-06-03T15:00:00Z",2.94,1.28,5.40,0.41,1800.00,0.13,0.02,0,186.04,45.41,1800.00,4.48,0.16,0
"2020-06-03T15:00:00Z","2020-06-03T15:30:00Z",3.33,1.50,5.87,0.61,1800.00,0.15,0.02,0,197.84,109.50,1800.00,4.50,0.25,0
"2020-06-03T15:30:00Z","2020-06-03T16:00:00Z",3.52,1.78,5.89,0.50,1800.00,0.15,0.02,0,227.97,118.37,1800.00,4.50,0.26,0
"2020-06-03T16:00:00Z","2020-06-03T16:30:00Z",4.57,2.48,6.79,0.69,1800.00,0.20,0.02,0,226.01,78.20,1800.00,4.49,0.21,0
"2020-06-03T16:30:00Z","2020-06-03T17:00:00Z",3.98,1.75,7.21,0.79,1800.00,0.22,0.02,0,227.27,121.58,1800.00,4.50,0.26,0
"2020-06-03T17:00:00Z","2020-06-03T17:30:00Z",3.48,1.38,6.55,0.61,1800.00,0.19,0.02,0,210.29,121.52,1800.00,4.50,0.26,0
"2020-06-03T17:30:00Z","2020-06-03T18:00:00Z",3.93,1.88,6.55,0.68,1793.00,0.19,0.02,0,230.24,99.23,1793.00,4.50,0.24,0
"2020-06-03T18:00:00Z","2020-06-03T18:30:00Z",4.37,2.10,7.86,0.96,1800.00,0.26,0.02,0,234.24,125.06,1800.00,4.50,0.26,0
"2020-06-03T18:30:00Z","2020-06-03T19:00:00Z",5.81,2.80,9.40,1.31,1800.00,0.34,0.03,0,248.44,72.09,1800.00,4.49,0.20,0
"2020-06-03T19:00:00Z","2020-06-03T19:30:00Z",5.82,2.64,9.07,1.24,1800.00,0.32,0.03,0,241.71,83.55,1800.00,4.49,0.22,0
"2020-06-03T19:30:00Z","2020-06-03T20:00:00Z",5.76,2.12,9.38,1.55,1800.00,0.34,0.03,0,240.95,98.56,1800.00,4.50,0.23,0
"2020-06-03T20:00:00Z","2020-06-03T20:30:00Z",5.24,2.24,9.29,1.41,1800.00,0.34,0.03,0,242.96,101.27,1800.00,4.50,0.24,0
"2020-06-03T20:30:00Z","2020-06-03T21:00:00Z",6.29,3.25,9.53,1.19,1800.00,0.35,0.03,0,246.06,69.66,1800.00,4.49,0.20,0
"2020-06-03T21:00:00Z","2020-06-03T21:30:00Z",5.63,2.49,9.87,1.32,1800.00,0.37,0.03,0,246.05,80.26,1800.00,4.49,0.21,0
"2020-06-03T21:30:00Z","2020-06-03T22:00:00Z",5.06,2.11,8.64,1.20,1800.00,0.30,0.03,0,248.47,93.54,1800.00,4.50,0.23,0
"2020-06-03T22:00:00Z","2020-06-03T22:30:00Z",4.25,1.70,7.90,0.81,1792.00,0.26,0.02,0,263.13,177.72,1792.00,4.52,0.31,0
"2020-06-03T22:30:00Z","2020-06-03T23:00:00Z",3.91,1.77,6.33,0.59,1800.00,0.18,0.02,0,254.71,93.95,1800.00,4.50,0.23,0
"2020-06-03T23:00:00Z","2020-06-03T23:30:00Z",4.40,1.94,6.71,0.62,1800.00,0.20,0.02,0,255.49,116.96,1800.00,4.50,0.25,0
"2020-06-03T23:30:00Z","2020-06-04T00:00:00Z",3.86,1.60,6.43,0.67,1800.00,0.18,0.02,0,251.45,87.34,1800.00,4.49,0.22,0
"2020-06-04T00:00:00Z","2020-06-04T00:30:00Z",3.33,1.55,6.09,0.51,1800.00,0.16,0.02,0,251.60,73.73,1800.00,4.49,0.20,0
"2020-06-04T00:30:00Z","2020-06-04T01:00:00Z",3.39,1.60,5.93,0.51,1800.00,0.15,0.02,0,243.28,91.26,1800.00,4.49,0.23,0
"2020-06-04T01:00:00Z","2020-06-04T01:30:00Z",3.67,1.92,5.58,0.43,1800.00,0.14,0.02,0,245.88,77.46,1800.00,4.49,0.21,0
"2020-06-04T01:30:00Z","2020-06-04T02:00:00Z",4.56,1.76,7.87,0.89,1800.00,0.26,0.02,0,250.16,148.66,1800.00,4.51,0.29,0
"2020-06-04T02:00:00Z","2020-06-04T02:30:00Z",5.08,2.46,8.47,0.94,1800.00,0.29,0.02,0,255.73,304.73,1800.00,4.55,0.41,0
"2020-06-04T02:30:00Z","2020-06-04T03:00:00Z",4.70,2.18,8.95,1.29,1791.00,0.32,0.03,0,276.38,55.47,1791.00,4.49,0.18,0
"2020-06-04T03:00:00Z","2020-06-04T03:30:00Z",3.94,2.36,6.19,0.43,1800.00,0.17,0.02,0,279.64,48.26,1800.00,4.48,0.16,0
"2020-06-04T03:30:00Z","2020-06-04T04:00:00Z",3.45,1.81,5.13,0.30,1800.00,0.11,0.01,0,253.57,176.15,1800.00,4.52,0.31,0
"2020-06-04T04:00:00Z","2020-06-04T04:30:00Z",3.43,1.55,5.21,0.35,1800.00,0.11,0.01,0,243.08,56.93,1800.00,4.49,0.18,0
"2020-06-04T04:30:00Z","2020-06-04T05:00:00Z",3.87,1.86,6.35,0.80,1800.00,0.18,0.02,0,253.67,61.41,1800.00,4.49,0.18,0
"2020-06-04T05:00:00Z","2020-06-04T05:30:00Z",3.83,1.93,6.11,0.53,1800.00,0.16,0.02,0,261.96,60.48,1800.00,4.49,0.18,0
"2020-06-04T05:30:00Z","2020-06-04T06:00:00Z",3.10,1.76,4.85,0.35,1800.00,0.10,0.01,0,264.40,48.22,1800.00,4.48,0.16,0
"2020-06-04T06:00:00Z","2020-06-04T06:30:00Z",2.36,1.33,3.51,0.15,1800.00,0.07,0.01,0,278.75,34.29,1800.00,4.48,0.14,0
"2020-06-04T06:30:00Z","2020-06-04T07:00:00Z",3.28,1.97,5.18,0.30,1793.00,0.11,0.01,0,258.79,89.04,1793.00,4.49,0.22,0
"2020-06-04T07:00:00Z","2020-06-04T07:30:00Z",3.51,1.88,5.53,0.30,1799.00,0.13,0.01,0,255.99,31.17,1799.00,4.48,0.13,0
"2020-06-04T07:30:00Z","2020-06-04T08:00:00Z",3.21,1.98,4.90,0.26,1800.00,0.10,0.01,0,260.65,102.03,1800.00,4.50,0.24,0
"2020-06-04T08:00:00Z","2020-06-04T08:30:00Z",2.64,1.73,4.01,0.14,1800.00,0.08,0.01,0,268.91,39.23,1800.00,4.48,0.15,0
"2020-06-04T08:30:00Z","2020-06-04T09:00:00Z",2.41,1.59,3.22,0.08,1800.00,0.07,0.01,0,260.24,43.90,1800.00,4.48,0.16,0
"2020-06-04T09:00:00Z","2020-06-04T09:30:00Z",2.34,1.50,3.29,0.10,1800.00,0.07,0.01,0,263.87,35.79,1800.00,4.48,0.14,0
"2020-06-04T09:30:00Z","2020-06-04T10:00:00Z",2.22,0.95,3.42,0.28,1800.00,0.07,0.01,0,256.43,84.10,1800.00,4.49,0.22,0
"2020-06-04T10:00:00Z","2020-06-04T10:30:00Z",1.62,0.73,2.74,0.16,1800.00,0.06,0.01,0,237.12,94.72,1800.00,4.50,0.23,0
"2020-06-04T10:30:00Z","2020-06-04T11:00:00Z",2.49,1.81,3.38,0.07,1800.00,0.07,0.01,0,246.86,16.50,1800.00,4.48,0.10,0
"2020-06-04T11:00:00Z","2020-06-04T11:30:00Z",2.59,1.60,3.51,0.08,1792.00,0.07,0.01,0,251.08,22.26,1792.00,4.48,0.11,0
"2020-06-04T11:30:00Z","2020-06-04T12:00:00Z",3.17,2.09,4.45,0.14,1800.00,0.09,0.01,0,252.96,17.27,1800.00,4.48,0.10,0
"2020-06-04T12:00:00Z","2020-06-04T12:30:00Z",3.32,2.29,4.39,0.13,1800.00,0.09,0.01,0,255.46,16.19,1800.00,4.48,0.09,0
"2020-06-04T12:30:00Z","2020-06-04T13:00:00Z",3.35,2.07,4.42,0.12,1800.00,0.09,0.01,0,252.66,25.74,1800.00,4.48,0.12,0
"2020-06-04T13:00:00Z","2020-06-04T13:30:00Z",3.36,2.07,4.56,0.14,1800.00,0.09,0.01,0,248.94,39.72,1800.00,4.48,0.15,0
"2020-06-04T13:30:00Z","2020-06-04T14:00:00Z",2.71,1.90,3.60,0.05,1800.00,0.07,0.01,0,249.36,15.97,1800.00,4.48,0.09,0
"2020-06-04T14:00:00Z","2020-06-04T14:30:00Z",2.96,2.11,4.07,0.06,1800.00,0.08,0.01,0,258.41,16.66,1800.00,4.48,0.10,0
"2020-06-04T14:30:00Z","2020-06-04T15:00:00Z",3.18,1.71,5.25,0.23,1800.00,0.12,0.01,0,254.59,81.57,1800.00,4.49,0.21,0
"2020-06-04T15:00:00Z","2020-06-04T15:30:00Z",2.99,1.52,4.50,0.22,1800.00,0.09,0.01,0,265.05,28.97,1800.00,4.48,0.13,0
"2020-06-04T15:30:00Z","2020-06-04T16:00:00Z",3.10,1.76,4.82,0.27,1791.00,0.10,0.01,0,266.76,40.04,1791.00,4.48,0.15,0
"2020-06-04T16:00:00Z","2020-06-04T16:30:00Z",3.07,1.36,4.43,0.23,1800.00,0.09,0.01,0,271.52,48.59,1800.00,4.48,0.16,0
"2020-06-04T16:30:00Z","2020-06-04T17:00:00Z",3.49,1.97,5.58,0.32,1800.00,0.13,0.01,0,277.39,82.84,1800.00,4.49,0.21,0
"2020-06-04T17:00:00Z","2020-06-04T17:30:00Z",4.04,2.13,6.42,0.53,1800.00,0.18,0.02,0,266.95,77.13,1800.00,4.49,0.21,0
"2020-06-04T17:30:00Z","2020-06-04T18:00:00Z",4.16,1.92,6.60,0.58,1800.00,0.19,0.02,0,258.09,118.87,1800.00,4.50,0.26,0
"2020-06-04T18:00:00Z","2020-06-04T18:30:00Z",4.28,2.20,6.34,0.59,1800.00,0.18,0.02,0,262.84,363.32,1800.00,4.56,0.45,0
"2020-06-04T18:30:00Z","2020-06-04T19:00:00Z",4.00,1.69,7.32,0.79,1800.00,0.23,0.02,0,282.80,286.53,1800.00,4.54,0.40,0
"2020-06-04T19:00:00Z","2020-06-04T19:30:00Z",3.35,1.30,5.83,0.85,1800.00,0.15,0.02,0,284.54,286.64,1800.00,4.54,0.40,0
"2020-06-04T19:30:00Z","2020-06-04T20:00:00Z",3.38,0.54,11.03,1.49,1800.00,0.43,0.03,0,312.54,422.18,1800.00,4.58,0.48,0
"2020-06-04T20:00:00Z","2020-06-04T20:30:00Z",2.61,0.35,7.28,1.29,1793.00,0.23,0.03,0,340.74,342.69,1793.00,4.56,0.44,1
"2020-06-04T20:30:00Z","2020-06-04T21:00:00Z",2.92,0.39,7.05,1.70,1800.00,0.22,0.03,0,340.22,363.95,1800.00,4.56,0.45,1
"2020-06-04T21:00:00Z","2020-06-04T21:30:00Z",2.89,0.34,7.56,2.29,1800.00,0.25,0.04,0,350.18,443.36,1800.00,4.58,0.50,1
"2020-06-04T21:30:00Z","2020-06-04T22:00:00Z",4.12,1.04,8.51,2.31,1800.00,0.30,0.04,0,328.31,236.09,1800.00,4.53,0.36,0
"2020-06-04T22:00:00Z","2020-06-04T22:30:00Z",3.09,0.36,7.83,1.30,1800.00,0.26,0.03,0,355.40,623.73,1800.00,4.62,0.59,1
"2020-06-04T22:30:00Z","2020-06-04T23:00:00Z",2.44,0.01,7.96,1.81,1800.00,0.27,0.03,0,13.23,901.27,1800.00,4.69,0.71,1
"2020-06-04T23:00:00Z","2020-06-04T23:30:00Z",3.28,0.17,8.91,1.44,1800.00,0.32,0.03,0,342.70,717.38,1800.00,4.65,0.63,1
"2020-06-04T23:30:00Z","2020-06-05T00:00:00Z",3.00,0.18,7.18,2.21,1800.00,0.23,0.04,0,336.20,1343.00,1800.00,4.79,0.86,1
"2020-06-05T00:00:00Z","2020-06-05T00:30:00Z",2.89,0.52,8.13,2.01,1792.00,0.28,0.03,0,11.04,492.74,1792.00,4.59,0.52,1
"2020-06-05T00:30:00Z","2020-06-05T01:00:00Z",3.94,0.56,8.23,2.29,1800.00,0.28,0.04,0,338.45,618.17,1800.00,4.62,0.59,1
"2020-06-05T01:00:00Z","2020-06-05T01:30:00Z",4.95,0.79,9.02,2.16,1800.00,0.33,0.03,0,322.09,321.01,1800.00,4.55,0.42,0
"2020-06-05T01:30:00Z","2020-06-05T02:00:00Z",5.49,1.70,8.89,1.21,1800.00,0.32,0.03,0,307.37,152.60,1800.00,4.51,0.29,0
"2020-06-05T02:00:00Z","2020-06-05T02:30:00Z",5.42,1.44,9.06,1.77,1800.00,0.33,0.03,0,314.04,154.82,1800.00,4.51,0.29,0
"2020-06-05T02:30:00Z","2020-06-05T03:00:00Z",4.95,0.79,8.23,1.38,1800.00,0.28,0.03,0,310.75,297.99,1800.00,4.55,0.41,0
"2020-06-05T03:00:00Z","2020-06-05T03:30:00Z",6.23,2.57,10.22,1.66,1800.00,0.39,0.03,0,297.36,230.96,1800.00,4.53,0.36,0
"2020-06-05T03:30:00Z","2020-06-05T04:00:00Z",6.36,3.24,9.20,0.90,1800.00,0.33,0.02,0,294.98,85.11,1800.00,4.49,0.22,0
"2020-06-05T04:00:00Z","2020-06-05T04:30:00Z",5.91,3.14,8.38,1.01,1794.00,0.29,0.02,0,293.38,76.73,1794.00,4.49,0.21,0
"2020-06-05T04:30:00Z","2020-06-05T05:00:00Z",5.55,3.32,8.82,0.91,1797.00,0.31,0.02,0,290.88,71.44,1797.00,4.49,0.20,0
"2020-06-05T05:00:00Z","2020-06-05T05:30:00Z",4.65,0.96,7.16,0.94,1800.00,0.22,0.02,0,292.93,390.32,1800.00,4.57,0.47,0
"2020-06-05T05:30:00Z","2020-06-05T06:00:00Z",7.82,1.09,13.88,5.08,1335.00,0.63,0.06,1,64.87,333.01,1335.00,4.58,0.50,1
"2020-06-05T06:00:00Z","2020-06-05T06:30:00Z",4.49,2.29,7.46,1.16,1527.00,0.24,0.03,1,130.57,246.67,1527.00,4.54,0.40,1
"2020-06-05T06:30:00Z","2020-06-05T07:00:00Z",4.44,2.35,7.49,0.62,1061.00,0.24,0.02,1,152.26,68.38,1061.00,4.50,0.25,1
"2020-06-05T07:00:00Z","2020-06-05T07:30:00Z",,,,,,,,1,,,,,,1
"2020-06-05T07:30:00Z","2020-06-05T08:00:00Z",,,,,,,,1,,,,,,1
"2020-06-05T08:00:00Z","2020-06-05T08:30:00Z",,,,,,,,1,,,,,,1
"2020-06-05T08:30:00Z","2020-06-05T09:00:00Z",,,,,,,,1,,,,,,1
"2020-06-05T09:00:00Z","2020-06-05T09:30:00Z",3.41,1.33,5.69,0.51,1694.00,0.14,0.02,0,190.88,708.07,1694.00,4.66,0.65,0
"2020-06-05T09:30:00Z","2020-06-05T10:00:00Z",4.27,1.68,7.92,1.16,1800.00,0.26,0.03,0,295.36,392.69,1800.00,4.57,0.47,0
"2020-06-05T10:00:00Z","2020-06-05T10:30:00Z",6.18,2.29,11.00,2.11,1800.00,0.43,0.03,0,255.54,112.65,1800.00,4.50,0.25,0
"2020-06-05T10:30:00Z","2020-06-05T11:00:00Z",4.34,2.43,7.59,0.80,1800.00,0.24,0.02,0,261.07,179.72,1800.00,4.52,0.32,0
"2020-06-05T11:00:00Z","2020-06-05T11:30:00Z",2.19,0.93,4.50,0.64,1800.00,0.10,0.02,0,248.40,446.93,1800.00,4.58,0.50,0
"2020-06-05T11:30:00Z","2020-06-05T12:00:00Z",2.59,1.00,4.50,0.38,1800.00,0.10,0.01,0,264.64,174.76,1800.00,4.52,0.31,0
"2020-06-05T12:00:00Z","2020-06-05T12:30:00Z",2.96,1.75,3.99,0.17,1800.00,0.08,0.01,0,241.12,88.77,1800.00,4.49,0.22,0
"2020-06-05T12:30:00Z","2020-06-05T13:00:00Z",2.94,1.89,4.00,0.13,1800.00,0.08,0.01,0,214.97,81.42,1800.00,4.49,0.21,0
"2020-06-05T13:00:00Z","2020-06-05T13:30:00Z",1.83,0.79,3.42,0.19,1790.00,0.07,0.01,0,192.94,169.60,1790.00,4.51,0.31,0
"2020-06-05T13:30:00Z","2020-06-05T14:00:00Z",1.77,0.47,3.19,0.43,1800.00,0.07,0.02,0,170.19,53.74,1800.00,4.49,0.17,0
"2020-06-05T14:00:00Z","2020-06-05T14:30:00Z",1.08,0.34,2.01,0.10,1800.00,0.04,0.01,0,153.85,307.58,1800.00,4.55,0.41,0
"2020-06-05T14:30:00Z","2020-06-05T15:00:00Z",0.67,0.01,1.52,0.11,1800.00,0.04,0.01,0,194.07,10337.49,1800.00,6.56,2.40,0
"2020-06-05T15:00:00Z","2020-06-05T15:30:00Z",1.05,0.01,2.05,0.14,1800.00,0.05,0.01,0,146.10,4351.98,1800.00,5.45,1.55,0
"2020-06-05T15:30:00Z","2020-06-05T16:00:00Z",1.30,0.05,2.94,0.42,1800.00,0.07,0.02,0,292.11,1358.31,1800.00,4.80,0.87,0
"2020-06-05T16:00:00Z","2020-06-05T16:30:00Z",1.78,0.40,3.49,0.29,1800.00,0.08,0.01,0,277.82,428.21,1800.00,4.58,0.49,0
"2020-06-05T16:30:00Z","2020-06-05T17:00:00Z",0.71,0.02,2.22,0.17,1800.00,0.05,0.01,0,333.25,3682.19,1800.00,5.31,1.43,1
"2020-06-05T17:00:00Z","2020-06-05T17:30:00Z",1.18,0.03,3.05,0.31,1790.00,0.07,0.01,0,317.40,2040.31,1790.00,4.96,1.07,1
"2020-06-05T17:30:00Z","2020-06-05T18:00:00Z",1.16,0.03,3.31,0.29,1800.00,0.07,0.01,0,252.42,996.00,1800.00,4.71,0.74,0
"2020-06-05T18:00:00Z","2020-06-05T18:30:00Z",1.75,0.07,3.76,0.47,1800.00,0.08,0.02,0,244.94,1708.36,1800.00,4.88,0.97,0
"2020-06-05T18:30:00Z","2020-06-05T19:00:00Z",1.53,0.01,4.86,0.87,1800.00,0.11,0.02,0,233.73,5397.12,1800.00,5.66,1.73,0
"2020-06-05T19:00:00Z","2020-06-05T19:30:00Z",1.45,0.00,3.60,0.59,1800.00,0.08,0.02,0,328.80,1329.83,1800.00,4.79,0.86,1
"2020-06-05T19:30:00Z","2020-06-05T20:00:00Z",1.83,0.24,3.77,0.47,1800.00,0.08,0.02,0,314.04,747.46,1800.00,4.65,0.64,0
"2020-06-05T20:00:00Z","2020-06-05T20:30:00Z",1.65,0.00,5.49,0.74,1800.00,0.13,0.02,0,303.65,3294.04,1800.00,5.23,1.35,1
"2020-06-05T20:30:00Z","2020-06-05T21:00:00Z",2.01,0.02,4.82,0.83,1800.00,0.11,0.02,0,318.55,2591.27,1800.00,5.08,1.20,1
"2020-06-05T21:00:00Z","2020-06-05T21:30:00Z",1.28,0.01,3.82,0.51,1800.00,0.08,0.02,0,309.76,3967.29,1800.00,5.37,1.48,1
"2020-06-05T21:30:00Z","2020-06-05T22:00:00Z",1.88,0.04,4.14,0.70,1794.00,0.09,0.02,0,318.83,2469.16,1794.00,5.05,1.17,0
"2020-06-05T22:00:00Z","2020-06-05T22:30:00Z",1.76,0.02,6.01,1.23,1800.00,0.16,0.03,0,57.20,2422.20,1800.00,5.04,1.16,1
"2020-06-05T22:30:00Z","2020-06-05T23:00:00Z",5.64,2.39,8.96,1.10,1800.00,0.32,0.02,0,82.72,285.77,1800.00,4.54,0.40,0
"2020-06-05T23:00:00Z","2020-06-05T23:30:00Z",3.72,1.01,7.82,1.98,1800.00,0.26,0.03,0,79.16,98.30,1800.00,4.50,0.23,0
"2020-06-05T23:30:00Z","2020-06-06T00:00:00Z",1.78,0.26,3.76,0.38,1800.00,0.08,0.01,0,91.39,758.70,1800.00,4.66,0.65,0
"2020-06-06T00:00:00Z","2020-06-06T00:30:00Z",2.34,0.29,4.48,0.65,1800.00,0.10,0.02,0,62.45,829.68,1800.00,4.67,0.68,1
"2020-06-06T00:30:00Z","2020-06-06T01:00:00Z",1.48,0.03,4.58,0.93,1800.00,0.10,0.02,0,29.84,3943.79,1800.00,5.36,1.48,1
"2020-06-06T01:00:00Z","2020-06-06T01:30:00Z",1.65,0.01,3.99,0.48,1800.00,0.09,0.02,0,286.81,4898.58,1800.00,5.56,1.65,1
"2020-06-06T01:30:00Z","2020-06-06T02:00:00Z",2.47,0.35,5.58,1.08,1793.00,0.14,0.02,0,71.40,354.60,1793.00,4.56,0.44,0
"2020-06-06T02:00:00Z","2020-06-06T02:30:00Z",4.63,0.25,8.49,3.06,1800.00,0.30,0.04,0,288.41,1020.17,1800.00,4.72,0.75,0
"2020-06-06T02:30:00Z","2020-06-06T03:00:00Z",5.61,2.34,10.45,1.42,1800.00,0.40,0.03,0,255.15,229.40,1800.00,4.53,0.36,0
"2020-06-06T03:00:00Z","2020-06-06T03:30:00Z",5.73,3.28,9.22,1.00,1800.00,0.33,0.02,0,247.14,38.30,1800.00,4.48,0.15,0
"2020-06-06T03:30:00Z","2020-06-06T04:00:00Z",5.02,2.65,7.19,0.53,1800.00,0.22,0.02,0,255.48,72.20,1800.00,4.49,0.20,0
"2020-06-06T04:00:00Z","2020-06-06T04:30:00Z",4.65,2.74,7.51,0.53,1800.00,0.24,0.02,0,262.59,37.32,1800.00,4.48,0.14,0
"2020-06-06T04:30:00Z","2020-06-06T05:00:00Z",3.68,1.28,6.24,0.82,1800.00,0.17,0.02,0,244.34,110.26,1800.00,4.50,0.25,0
"2020-06-06T05:00:00Z","2020-06-06T05:30:00Z",2.19,1.09,4.21,0.50,1800.00,0.09,0.02,0,237.93,69.30,1800.00,4.49,0.20,0
"2020-06-06T05:30:00Z","2020-06-06T06:00:00Z",2.75,1.54,4.41,0.22,1800.00,0.09,0.01,0,240.46,47.24,1800.00,4.48,0.16,0
"2020-06-06T06:00:00Z","2020-06-06T06:30:00Z",3.36,2.09,4.87,0.19,1794.00,0.10,0.01,0,268.47,166.64,1794.00,4.51,0.30,0
"2020-06-06T06:30:00Z","2020-06-06T07:00:00Z",3.36,1.91,5.27,0.32,1800.00,0.12,0.01,0,277.94,46.96,1800.00,4.48,0.16,0
"2020-06-06T07:00:00Z","2020-06-06T07:30:00Z",2.71,1.88,3.67,0.08,1800.00,0.08,0.01,0,249.78,70.24,1800.00,4.49,0.20,0
"2020-06-06T07:30:00Z","2020-06-06T08:00:00Z",2.39,1.92,3.27,0.06,1800.00,0.07,0.01,0,231.41,41.12,1800.00,4.48,0.15,0
"2020-06-06T08:00:00Z","2020-06-06T08:30:00Z",2.33,1.75,2.75,0.04,1800.00,0.06,0.00,0,232.23,52.12,1800.00,4.49,0.17,0
"2020-06-06T08:30:00Z","2020-06-06T09:00:00Z",2.87,2.04,3.94,0.11,1800.00,0.08,0.01,0,217.47,21.43,1800.00,4.48,0.11,0
"2020-06-06T09:00:00Z","2020-06-06T09:30:00Z",2.57,1.90,3.37,0.09,1800.00,0.07,0.01,0,227.93,558.57,1800.00,4.61,0.56,0
"2020-06-06T09:30:00Z","2020-06-06T10:00:00Z",2.47,1.75,3.35,0.10,1800.00,0.07,0.01,0,245.97,117.06,1800.00,4.50,0.26,0
"2020-06-06T10:00:00Z","2020-06-06T10:30:00Z",2.39,1.62,2.87,0.03,1791.00,0.06,0.00,0,206.75,28.80,1791.00,4.48,0.13,0
"2020-06-06T10:30:00Z","2020-06-06T11:00:00Z",1.72,0.57,2.48,0.20,1800.00,0.06,0.01,0,176.51,1186.56,1800.00,4.76,0.81,0
"2020-06-06T11:00:00Z","2020-06-06T11:30:00Z",1.79,0.71,2.88,0.31,1800.00,0.06,0.01,0,173.82,815.50,1800.00,4.67,0.67,0
"2020-06-06T11:30:00Z","2020-06-06T12:00:00Z",1.16,0.28,2.76,0.40,1800.00,0.06,0.01,0,176.44,830.04,1800.00,4.67,0.68,0
"2020-06-06T12:00:00Z","2020-06-06T12:30:00Z",1.58,0.20,2.85,0.78,1800.00,0.07,0.02,0,176.07,2719.66,1800.00,5.10,1.23,0
"2020-06-06T12:30:00Z","2020-06-06T13:00:00Z",2.10,1.13,3.02,0.10,1800.00,0.06,0.01,0,221.06,326.11,1800.00,4.55,0.43,0
"2020-06-06T13:00:00Z","2020-06-06T13:30:00Z",2.30,1.31,3.15,0.09,1800.00,0.07,0.01,0,215.28,109.12,1800.00,4.50,0.25,0
"2020-06-06T13:30:00Z","2020-06-06T14:00:00Z",2.17,1.41,2.92,0.10,1800.00,0.06,0.01,0,223.16,179.27,1800.00,4.52,0.32,0
"2020-06-06T14:00:00Z","2020-06-06T14:30:00Z",1.30,0.24,2.12,0.22,1800.00,0.05,0.01,0,223.01,822.60,1800.00,4.67,0.68,0
"2020-06-06T14:30:00Z","2020-06-06T15:00:00Z",1.39,0.47,1.94,0.06,1791.00,0.04,0.01,0,262.04,113.73,1791.00,4.50,0.25,0
"2020-06-06T15:00:00Z","2020-06-06T15:30:00Z",1.57,0.47,2.44,0.09,1800.00,0.05,0.01,0,259.80,134.98,1800.00,4.51,0.27,0
"2020-06-06T15:30:00Z","2020-06-06T16:00:00Z",0.73,0.01,1.71,0.10,1800.00,0.04,0.01,0,247.73,6698.81,1800.00,5.91,1.93,0
"2020-06-06T16:00:00Z","2020-06-06T16:30:00Z",1.21,0.02,2.64,0.29,1800.00,0.06,0.01,0,67.90,1089.19,1800.00,4.74,0.78,0
"2020-06-06T16:30:00Z","2020-06-06T17:00:00Z",1.64,0.07,3.93,0.51,1800.00,0.09,0.02,0,75.97,514.55,1800.00,4.60,0.53,0
"2020-06-06T17:00:00Z","2020-06-06T17:30:00Z",2.26,0.32,4.08,0.54,1800.00,0.09,0.02,0,69.71,661.31,1800.00,4.63,0.61,0
"2020-06-06T17:30:00Z","2020-06-06T18:00:00Z",1.98,0.13,5.04,1.11,1800.00,0.11,0.02,0,65.43,675.18,1800.00,4.64,0.61,1
"2020-06-06T18:00:00Z","2020-06-06T18:30:00Z",2.00,0.03,4.80,0.89,1800.00,0.11,0.02,0,67.68,1163.15,1800.00,4.75,0.80,1
"2020-06-06T18:30:00Z","2020-06-06T19:00:00Z",2.72,0.21,5.51,0.90,1791.00,0.14,0.02,0,83.46,837.33,1791.00,4.68,0.68,0
"2020-06-06T19:00:00Z","2020-06-06T19:30:00Z",2.97,0.04,5.88,1.28,1800.00,0.16,0.03,0,62.89,712.19,1800.00,4.65,0.63,1
"2020-06-06T19:30:00Z","2020-06-06T20:00:00Z",2.76,0.63,5.54,1.03,1800.00,0.14,0.02,0,85.64,380.59,1800.00,4.57,0.46,0
"2020-06-06T20:00:00Z","2020-06-06T20:30:00Z",3.31,0.19,6.21,1.15,1800.00,0.17,0.03,0,65.25,361.84,1800.00,4.56,0.45,0
"2020-06-06T20:30:00Z","2020-06-06T21:00:00Z",2.59,0.72,4.68,0.37,1800.00,0.10,0.01,0,86.52,229.06,1800.00,4.53,0.36,0
"2020-06-06T21:00:00Z","2020-06-06T21:30:00Z",4.13,1.77,7.33,1.14,1800.00,0.23,0.03,0,83.21,292.40,1800.00,4.54,0.40,0
"2020-06-06T21:30:00Z","2020-06-06T22:00:00Z",4.33,2.08,6.75,0.90,1800.00,0.20,0.02,0,92.24,102.36,1800.00,4.50,0.24,0
"2020-06-06T22:00:00Z","2020-06-06T22:30:00Z",3.25,1.45,6.11,0.80,1800.00,0.17,0.02,0,109.35,251.90,1800.00,4.53,0.37,0
"2020-06-06T22:30:00Z","2020-06-06T23:00:00Z",2.05,0.03,4.92,0.61,1800.00,0.11,0.02,0,126.98,1107.20,1800.00,4.74,0.78,0
"2020-06-06T23:00:00Z","2020-06-06T23:30:00Z",2.91,0.73,6.08,0.86,1789.00,0.16,0.02,0,117.84,724.44,1789.00,4.65,0.64,0
"2020-06-06T23:30:00Z","2020-06-07T00:00:00Z",3.29,0.33,6.84,1.25,1800.00,0.21,0.03,0,94.87,523.35,1800.00,4.60,0.54,0
"2020-06-07T00:00:00Z","2020-06-07T00:30:00Z",2.29,0.05,6.53,1.71,1800.00,0.19,0.03,0,151.53,7828.87,1800.00,6.12,2.09,0
"2020-06-07T00:30:00Z","2020-06-07T01:00:00Z",2.82,0.12,7.17,1.92,1800.00,0.23,0.03,0,29.39,342.09,1800.00,4.56,0.44,1
"2020-06-07T01:00:00Z","2020-06-07T01:30:00Z",1.70,0.34,3.34,0.28,1800.00,0.07,0.01,0,36.08,256.14,1800.00,4.54,0.38,1
"2020-06-07T01:30:00Z","2020-06-07T02:00:00Z",2.09,0.34,7.13,0.84,1800.00,0.22,0.02,0,22.83,324.00,1800.00,4.55,0.42,1
"2020-06-07T02:00:00Z","2020-06-07T02:30:00Z",2.05,0.44,6.82,0.96,1800.00,0.20,0.02,0,17.59,216.45,1800.00,4.53,0.35,1
"2020-06-07T02:30:00Z","2020-06-07T03:00:00Z",1.94,0.29,6.78,0.60,1800.00,0.20,0.02,0,13.05,222.05,1800.00,4.53,0.35,1
"2020-06-07T03:00:00Z","2020-06-07T03:30:00Z",1.59,0.26,3.50,0.34,1793.00,0.08,0.01,0,2.57,188.28,1793.00,4.52,0.32,1
"2020-06-07T03:30:00Z","2020-06-07T04:00:00Z",2.76,0.87,5.06,0.84,1800.00,0.11,0.02,0,295.69,1514.89,1800.00,4.83,0.92,0
"2020-06-07T04:00:00Z","2020-06-07T04:30:00Z",3.81,1.68,5.95,0.37,1800.00,0.15,0.01,0,256.87,75.36,1800.00,4.49,0.20,0
"2020-06-07T04:30:00Z","2020-06-07T05:00:00Z",3.05,1.59,4.95,0.38,1800.00,0.10,0.01,0,265.38,68.64,1800.00,4.49,0.20,0
"2020-06-07T05:00:00Z","2020-06-07T05:30:00Z",2.89,1.09,4.75,0.42,1800.00,0.10,0.02,0,271.38,125.12,1800.00,4.50,0.26,0
"2020-06-07T05:30:00Z","2020-06-07T06:00:00Z",2.00,0.80,3.12,0.14,1800.00,0.07,0.01,0,278.67,475.64,1800.00,4.59,0.51,0
"2020-06-07T06:00:00Z","2020-06-07T06:30:00Z",1.08,0.02,2.54,0.31,1800.00,0.06,0.01,0,350.92,5890.43,1800.00,5.75,1.81,0
"2020-06-07T06:30:00Z","2020-06-07T07:00:00Z",2.18,1.12,3.28,0.18,1800.00,0.07,0.01,0,124.27,193.38,1800.00,4.52,0.33,0
"2020-06-07T07:00:00Z","2020-06-07T07:30:00Z",2.28,0.95,3.72,0.29,1800.00,0.08,0.01,0,120.13,197.56,1800.00,4.52,0.33,0
"2020-06-07T07:30:00Z","2020-06-07T08:00:00Z",1.79,0.70,2.82,0.11,1791.00,0.06,0.01,0,135.14,405.86,1791.00,4.57,0.48,0
"2020-06-07T08:00:00Z","2020-06-07T08:30:00Z",2.89,1.89,3.66,0.08,1800.00,0.08,0.01,0,161.54,44.06,1800.00,4.48,0.16,0
"2020-06-07T08:30:00Z","2020-06-07T09:00:00Z",2.07,1.58,2.90,0.05,1800.00,0.06,0.01,0,162.10,115.26,1800.00,4.50,0.25,0
"2020-06-07T09:00:00Z","2020-06-07T09:30:00Z",2.70,1.83,3.30,0.12,1800.00,0.07,0.01,0,175.01,170.98,1800.00,4.51,0.31,0
"2020-06-07T09:30:00Z","2020-06-07T10:00:00Z",2.35,1.30,4.11,0.23,1800.00,0.09,0.01,0,195.58,601.21,1800.00,4.62,0.58,0
"2020-06-07T10:00:00Z","2020-06-07T10:30:00Z",2.65,1.41,3.67,0.22,1800.00,0.08,0.01,0,228.48,66.83,1800.00,4.49,0.19,0
"2020-06-07T10:30:00Z","2020-06-07T11:00:00Z",2.45,1.82,3.55,0.08,1800.00,0.07,0.01,0,221.16,134.82,1800.00,4.51,0.27,0
"2020-06-07T11:00:00Z","2020-06-07T11:30:00Z",2.64,1.93,3.65,0.06,1800.00,0.07,0.01,0,227.28,118.38,1800.00,4.50,0.26,0
"2020-06-07T11:30:00Z","2020-06-07T12:00:00Z",3.05,2.35,3.59,0.04,1800.00,0.07,0.00,0,228.89,26.44,1800.00,4.48,0.12,0
"2020-06-07T12:00:00Z","2020-06-07T12:30:00Z",2.73,2.10,3.56,0.04,1793.00,0.07,0.00,0,238.73,21.17,1793.00,4.48,0.11,0
"2020-06-07T12:30:00Z","2020-06-07T13:00:00Z",2.93,2.32,3.44,0.03,1800.00,0.07,0.00,0,242.00,25.56,1800.00,4.48,0.12,0
"2020-06-07T13:00:00Z","2020-06-07T13:30:00Z",2.95,2.02,3.77,0.07,1800.00,0.08,0.01,0,232.80,60.57,1800.00,4.49,0.18,0
"2020-06-07T13:30:00Z","2020-06-07T14:00:00Z",2.32,1.39,3.30,0.09,1800.00,0.07,0.01,0,243.49,125.48,1800.00,4.50,0.26,0
"2020-06-07T14:00:00Z","2020-06-07T14:30:00Z",2.23,1.14,3.16,0.12,1800.00,0.07,0.01,0,247.68,37.03,1800.00,4.48,0.14,0
"2020-06-07T14:30:00Z","2020-06-07T15:00:00Z",2.40,1.18,4.24,0.20,1800.00,0.09,0.01,0,252.23,68.93,1800.00,4.49,0.20,0
"2020-06-07T15:00:00Z","2020-06-07T15:30:00Z",2.62,1.47,3.76,0.18,1800.00,0.08,0.01,0,259.14,80.19,1800.00,4.49,0.21,0
"2020-06-07T15:30:00Z","2020-06-07T16:00:00Z",2.62,1.27,3.73,0.17,1800.00,0.08,0.01,0,269.49,126.60,1800.00,4.50,0.27,0
"2020-06-07T16:00:00Z","2020-06-07T16:30:00Z",2.64,1.06,3.99,0.26,1791.00,0.08,0.01,0,271.40,242.16,1791.00,4.53,0.37,0
"2020-06-07T16:30:00Z","2020-06-07T17:00:00Z",2.53,0.53,4.55,0.37,1800.00,0.10,0.01,0,274.59,258.25,1800.00,4.54,0.38,0
"2020-06-07T17:00:00Z","2020-06-07T17:30:00Z",1.73,0.02,4.10,0.74,1800.00,0.09,0.02,0,287.53,1905.75,1800.00,4.92,1.03,0
"2020-06-07T17:30:00Z","2020-06-07T18:00:00Z",1.16,0.02,3.21,0.39,1800.00,0.07,0.01,0,286.85,9953.94,1800.00,6.49,2.35,0
"2020-06-07T18:00:00Z","2020-06-07T18:30:00Z",1.16,0.04,3.82,0.47,1800.00,0.08,0.02,0,59.43,4768.59,1800.00,5.53,1.63,1
"2020-06-07T18:30:00Z","2020-06-07T19:00:00Z",1.48,0.05,3.95,0.65,1800.00,0.09,0.02,0,133.93,3187.90,1800.00,5.20,1.33,0
"2020-06-07T19:00:00Z","2020-06-07T19:30:00Z",1.80,0.02,4.96,0.90,1800.00,0.11,0.02,0,56.59,2450.32,1800.00,5.04,1.17,1
"2020-06-07T19:30:00Z","2020-06-07T20:00:00Z",1.83,0.01,4.18,0.77,1800.00,0.09,0.02,0,39.68,3270.59,1800.00,5.22,1.35,1
"2020-06-07T20:00:00Z","2020-06-07T20:30:00Z",1.74,0.19,6.80,1.03,1793.00,0.20,0.02,0,16.97,3952.43,1793.00,5.37,1.48,1
"2020-06-07T20:30:00Z","2020-06-07T21:00:00Z",3.95,0.69,7.25,1.72,1800.00,0.23,0.03,0,48.71,394.05,1800.00,4.57,0.47,1
"2020-06-07T21:00:00Z","2020-06-07T21:30:00Z",2.42,0.44,6.48,1.25,1800.00,0.19,0.03,0,10.33,723.41,1800.00,4.65,0.63,1
"2020-06-07T21:30:00Z","2020-06-07T22:00:00Z",1.54,0.02,4.12,0.49,1800.00,0.09,0.02,0,306.81,1792.78,1800.00,4.90,1.00,0
"2020-06-07T22:00:00Z","2020-06-07T22:30:00Z",2.03,0.02,5.88,1.63,1800.00,0.16,0.03,0,196.42,5870.25,1800.00,5.75,1.81,0
"2020-06-07T22:30:00Z","2020-06-07T23:00:00Z",3.06,1.23,5.46,0.45,1800.00,0.13,0.02,0,159.40,40.12,1800.00,4.48,0.15,0
"2020-06-07T23:00:00Z","2020-06-07T23:30:00Z",3.03,1.24,4.78,0.35,1800.00,0.10,0.01,0,158.45,188.21,1800.00,4.52,0.32,0
"2020-06-07T23:30:00Z","2020-06-08T00:00:00Z",1.33,0.02,3.18,0.40,1800.00,0.07,0.01,0,114.23,962.59,1800.00,4.71,0.73,0
"2020-06-08T00:00:00Z","2020-06-08T00:30:00Z",1.34,0.09,3.38,0.35,1800.00,0.07,0.01,0,104.37,4978.53,1800.00,5.57,1.66,1
"2020-06-08T00:30:00Z","2020-06-08T01:00:00Z",1.59,0.07,3.42,0.39,1789.00,0.08,0.01,0,196.30,2174.32,1789.00,4.99,1.10,0
"2020-06-08T01:00:00Z","2020-06-08T01:30:00Z",1.32,0.01,3.81,0.46,1800.00,0.08,0.02,0,239.63,4469.28,1800.00,5.47,1.58,0
"2020-06-08T01:30:00Z","2020-06-08T02:00:00Z",1.74,0.14,3.79,0.30,1800.00,0.08,0.01,0,233.55,2769.26,1800.00,5.11,1.24,0
"2020-06-08T02:00:00Z","2020-06-08T02:30:00Z",2.02,0.04,4.45,0.70,1800.00,0.10,0.02,0,235.96,653.39,1800.00,4.63,0.60,0
"2020-06-08T02:30:00Z","2020-06-08T03:00:00Z",2.34,0.25,4.77,0.65,1800.00,0.10,0.02,0,268.75,1672.02,1800.00,4.87,0.96,0
"2020-06-08T03:00:00Z","2020-06-08T03:30:00Z",3.04,0.25,7.01,1.66,1800.00,0.22,0.03,0,277.19,841.41,1800.00,4.68,0.68,0
"2020-06-08T03:30:00Z","2020-06-08T04:00:00Z",3.48,1.11,6.43,0.73,1800.00,0.18,0.02,0,271.77,304.02,1800.00,4.55,0.41,0
"2020-06-08T04:00:00Z","2020-06-08T04:30:00Z",3.07,1.22,5.11,0.52,1800.00,0.11,0.02,0,268.82,160.92,1800.00,4.51,0.30,0
"2020-06-08T04:30:00Z","2020-06-08T05:00:00Z",2.22,0.39,5.73,0.68,1791.00,0.15,0.02,0,332.00,3621.36,1791.00,5.30,1.42,1
"2020-06-08T05:00:00Z","2020-06-08T05:30:00Z",0.99,0.19,3.33,0.22,1800.00,0.07,0.01,0,7.00,507.07,1800.00,4.60,0.53,1
"2020-06-08T05:30:00Z","2020-06-08T06:00:00Z",1.02,0.05,2.91,0.22,1800.00,0.06,0.01,0,16.96,785.07,1800.00,4.66,0.66,1
"2020-06-08T06:00:00Z","2020-06-08T06:30:00Z",2.93,1.36,4.86,0.33,1800.00,0.10,0.01,0,84.72,368.82,1800.00,4.56,0.45,0
"2020-06-08T06:30:00Z","2020-06-08T07:00:00Z",2.23,1.22,3.26,0.15,1800.00,0.07,0.01,0,143.04,414.19,1800.00,4.57,0.48,0
"2020-06-08T07:00:00Z","2020-06-08T07:30:00Z",1.83,0.77,2.93,0.12,1800.00,0.06,0.01,0,216.58,588.19,1800.00,4.62,0.57,0
"2020-06-08T07:30:00Z","2020-06-08T08:00:00Z",1.87,0.11,2.97,0.30,1800.00,0.07,0.01,0,228.71,2705.25,1800.00,5.10,1.23,0
"2020-06-08T08:00:00Z","2020-06-08T08:30:00Z",0.68,0.02,2.09,0.19,1800.00,0.05,0.01,0,165.01,6410.08,1800.00,5.85,1.89,0
"2020-06-08T08:30:00Z","2020-06-08T09:00:00Z",2.60,1.06,3.47,0.26,1800.00,0.07,0.01,0,208.72,76.47,1800.00,4.49,0.21,0
"2020-06-08T09:00:00Z","2020-06-08T09:30:00Z",3.16,1.83,4.39,0.12,1791.00,0.09,0.01,0,233.90,72.68,1791.00,4.49,0.20,0
"2020-06-08T09:30:00Z","2020-06-08T10:00:00Z",3.11,2.08,4.13,0.10,1800.00,0.08,0.01,0,235.57,31.71,1800.00,4.48,0.13,0
"2020-06-08T10:00:00Z","2020-06-08T10:30:00Z",2.98,2.05,3.91,0.08,1800.00,0.08,0.01,0,239.14,51.14,1800.00,4.48,0.17,0
"2020-06-08T10:30:00Z","2020-06-08T11:00:00Z",3.08,2.37,3.73,0.04,1800.00,0.08,0.00,0,255.60,14.02,1800.00,4.48,0.09,0
"2020-06-08T11:00:00Z","2020-06-08T11:30:00Z",3.20,2.54,4.05,0.06,1800.00,0.08,0.01,0,246.15,12.77,1800.00,4.48,0.08,0
"2020-06-08T11:30:00Z","2020-06-08T12:00:00Z",2.95,2.11,3.86,0.08,1800.00,0.08,0.01,0,241.77,29.69,1800.00,4.48,0.13,0
"2020-06-08T12:00:00Z","2020-06-08T12:30:00Z",3.01,2.32,3.96,0.06,1800.00,0.08,0.01,0,250.15,12.28,1800.00,4.48,0.08,0
"2020-06-08T12:30:00Z","2020-06-08T13:00:00Z",3.26,2.23,4.49,0.14,1800.00,0.09,0.01,0,243.13,32.10,1800.00,4.48,0.13,0
"2020-06-08T13:00:00Z","2020-06-08T13:30:00Z",3.10,1.93,4.10,0.11,1800.00,0.08,0.01,0,251.70,31.08,1800.00,4.48,0.13,0
"2020-06-08T13:30:00Z","2020-06-08T14:00:00Z",2.78,1.66,4.00,0.14,1791.00,0.08,0.01,0,262.43,27.81,1791.00,4.48,0.12,0
"2020-06-08T14:00:00Z","2020-06-08T14:30:00Z",3.06,1.87,4.38,0.15,1800.00,0.09,0.01,0,263.29,39.52,1800.00,4.48,0.15,0
"2020-06-08T14:30:00Z","2020-06-08T15:00:00Z",3.08,1.71,4.38,0.23,1800.00,0.09,0.01,0,260.87,38.05,1800.00,4.48,0.15,0
"2020-06-08T15:00:00Z","2020-06-08T15:30:00Z",3.41,1.80,4.84,0.27,1800.00,0.10,0.01,0,266.33,44.20,1800.00,4.48,0.16,0
"2020-06-08T15:30:00Z","2020-06-08T16:00:00Z",4.60,2.50,6.49,0.58,1800.00,0.18,0.02,0,269.48,68.69,1800.00,4.49,0.20,0
"2020-06-08T16:00:00Z","2020-06-08T16:30:00Z",4.42,2.56,6.53,0.49,1800.00,0.19,0.02,0,274.74,55.10,1800.00,4.49,0.17,0
"2020-06-08T16:30:00Z","2020-06-08T17:00:00Z",4.42,2.26,6.90,0.57,1800.00,0.21,0.02,0,267.80,93.31,1800.00,4.50,0.23,0
"2020-06-08T17:00:00Z","2020-06-08T17:30:00Z",4.20,2.03,6.53,0.50,1800.00,0.19,0.02,0,275.15,99.73,1800.00,4.50,0.24,0
"2020-06-08T17:30:00Z","2020-06-08T18:00:00Z",4.70,2.25,7.26,0.72,1794.00,0.23,0.02,0,271.03,97.81,1794.00,4.50,0.23,0
"2020-06-08T18:00:00Z","2020-06-08T18:30:00Z",4.84,2.65,7.26,0.61,1800.00,0.23,0.02,0,262.74,83.97,1800.00,4.49,0.22,0
"2020-06-08T18:30:00Z","2020-06-08T19:00:00Z",4.03,1.85,6.25,0.62,1800.00,0.17,0.02,0,260.66,142.99,1800.00,4.51,0.28,0
"2020-06-08T19:00:00Z","2020-06-08T19:30:00Z",3.41,1.65,5.74,0.48,1800.00,0.14,0.02,0,253.36,213.30,1800.00,4.52,0.34,0
"2020-06-08T19:30:00Z","2020-06-08T20:00:00Z",3.26,0.70,5.60,0.59,1800.00,0.14,0.02,0,262.08,423.83,1800.00,4.58,0.49,0
"2020-06-08T20:00:00Z","2020-06-08T20:30:00Z",3.11,0.83,8.04,0.92,1800.00,0.27,0.02,0,274.56,308.27,1800.00,4.55,0.41,0
"2020-06-08T20:30:00Z","2020-06-08T21:00:00Z",3.04,1.11,5.74,0.70,1800.00,0.15,0.02,0,293.03,647.25,1800.00,4.63,0.60,0
"2020-06-08T21:00:00Z","2020-06-08T21:30:00Z",2.76,0.12,6.19,1.83,1800.00,0.18,0.03,0,301.95,889.14,1800.00,4.69,0.70,0
"2020-06-08T21:30:00Z","2020-06-08T22:00:00Z",2.62,0.33,6.83,1.12,1800.00,0.21,0.02,0,298.12,1087.68,1800.00,4.73,0.78,0
"2020-06-08T22:00:00Z","2020-06-08T22:30:00Z",2.38,0.01,7.87,1.66,1792.00,0.26,0.03,0,297.25,2387.82,1792.00,5.03,1.15,0
"2020-06-08T22:30:00Z","2020-06-08T23:00:00Z",2.17,0.02,6.07,1.30,1800.00,0.17,0.03,0,308.89,2045.21,1800.00,4.95,1.07,0
"2020-06-08T23:00:00Z","2020-06-08T23:30:00Z",2.85,0.75,5.94,0.87,1800.00,0.16,0.02,0,292.06,600.65,1800.00,4.62,0.58,0
"2020-06-08T23:30:00Z","2020-06-09T00:00:00Z",2.78,0.23,5.72,1.13,1800.00,0.15,0.03,0,285.73,612.77,1800.00,4.62,0.58,0
"2020-06-09T00:00:00Z","2020-06-09T00:30:00Z",2.55,0.54,5.48,0.74,1800.00,0.13,0.02,0,296.22,447.04,1800.00,4.58,0.50,0
"2020-06-09T00:30:00Z","2020-06-09T01:00:00Z",2.81,1.03,5.40,0.58,1800.00,0.13,0.02,0,274.40,312.91,1800.00,4.55,0.42,0
"2020-06-09T01:00:00Z","2020-06-09T01:30:00Z",2.57,0.29,5.73,0.74,1800.00,0.15,0.02,0,260.95,530.67,1800.00,4.60,0.54,0
"2020-06-09T01:30:00Z","2020-06-09T02:00:00Z",3.59,0.61,7.99,2.91,1800.00,0.27,0.04,0,289.96,940.77,1800.00,4.70,0.72,0
"2020-06-09T02:00:00Z","2020-06-09T02:30:00Z",4.64,2.00,7.47,0.95,1792.00,0.24,0.02,0,301.94,202.50,1792.00,4.52,0.34,0
"2020-06-09T02:30:00Z","2020-06-09T03:00:00Z",4.09,2.10,6.65,0.55,1800.00,0.19,0.02,0,280.42,114.91,1800.00,4.50,0.25,0
"2020-06-09T03:00:00Z","2020-06-09T03:30:00Z",4.25,1.91,6.87,0.71,1800.00,0.21,0.02,0,274.17,207.84,1800.00,4.52,0.34,0
"2020-06-09T03:30:00Z","2020-06-09T04:00:00Z",2.83,0.12,5.40,0.49,1800.00,0.13,0.02,0,295.41,453.91,1800.00,4.58,0.50,0
"2020-06-09T04:00:00Z","2020-06-09T04:30:00Z",1.70,0.04,5.24,1.07,1800.00,0.12,0.02,0,59.85,5896.27,1800.00,5.75,1.81,1
"2020-06-09T04:30:00Z","2020-06-09T05:00:00Z",3.12,0.47,6.69,1.25,1800.00,0.20,0.03,0,174.68,3392.15,1800.00,5.25,1.37,0
"2020-06-09T05:00:00Z","2020-06-09T05:30:00Z",3.09,1.38,4.96,0.31,1800.00,0.10,0.01,0,237.69,118.41,1800.00,4.50,0.26,0
"2020-06-09T05:30:00Z","2020-06-09T06:00:00Z",2.65,1.60,3.74,0.11,1800.00,0.08,0.01,0,255.95,70.89,1800.00,4.49,0.20,0
"2020-06-09T06:00:00Z","2020-06-09T06:30:00Z",3.53,1.92,6.42,0.78,1800.00,0.18,0.02,0,261.13,102.41,1800.00,4.50,0.24,0
"2020-06-09T06:30:00Z","2020-06-09T07:00:00Z",4.30,2.73,6.80,0.41,1788.00,0.20,0.02,0,258.60,59.72,1788.00,4.49,0.18,0
"2020-06-09T07:00:00Z","2020-06-09T07:30:00Z",4.22,2.58,6.67,0.44,1800.00,0.19,0.02,0,262.06,55.70,1800.00,4.49,0.18,0
"2020-06-09T07:30:00Z","2020-06-09T08:00:00Z",4.61,2.82,7.37,0.50,1800.00,0.23,0.02,0,265.25,28.00,1800.00,4.48,0.12,0
"2020-06-09T08:00:00Z","2020-06-09T08:30:00Z",4.08,2.60,6.42,0.35,1800.00,0.18,0.01,0,263.94,51.70,1800.00,4.48,0.17,0
"2020-06-09T08:30:00Z","2020-06-09T09:00:00Z",4.15,2.84,5.62,0.23,1800.00,0.14,0.01,0,265.99,28.93,1800.00,4.48,0.13,0
"2020-06-09T09:00:00Z","2020-06-09T09:30:00Z",3.36,2.36,4.74,0.16,1800.00,0.10,0.01,0,255.87,22.49,1800.00,4.48,0.11,0
"2020-06-09T09:30:00Z","2020-06-09T10:00:00Z",3.03,2.00,3.99,0.10,1800.00,0.08,0.01,0,255.51,35.24,1800.00,4.48,0.14,0
"2020-06-09T10:00:00Z","2020-06-09T10:30:00Z",2.93,1.00,4.88,0.36,1800.00,0.10,0.01,0,250.85,69.57,1800.00,4.49,0.20,0
"2020-06-09T10:30:00Z","2020-06-09T11:00:00Z",2.85,1.78,4.37,0.24,1791.00,0.09,0.01,0,247.84,29.88,1791.00,4.48,0.13,0
"2020-06-09T11:00:00Z","2020-06-09T11:30:00Z",3.35,2.15,4.75,0.19,1800.00,0.10,0.01,0,254.79,35.12,1800.00,4.48,0.14,0
"2020-06-09T11:30:00Z","2020-06-09T12:00:00Z",2.89,1.80,4.22,0.18,1800.00,0.09,0.01,0,251.29,36.96,1800.00,4.48,0.14,0
"2020-06-09T12:00:00Z","2020-06-09T12:30:00Z",2.44,1.54,3.71,0.18,1800.00,0.08,0.01,0,253.41,30.66,1800.00,4.48,0.13,0
"2020-06-09T12:30:00Z","2020-06-09T13:00:00Z",2.59,1.42,3.52,0.17,1800.00,0.07,0.01,0,253.56,22.10,1800.00,4.48,0.11,0
"2020-06-09T13:00:00Z","2020-06-09T13:30:00Z",2.41,1.43,3.47,0.12,1800.00,0.07,0.01,0,253.55,24.09,1800.00,4.48,0.12,0
"2020-06-09T13:30:00Z","2020-06-09T14:00:00Z",2.95,2.00,3.92,0.10,1800.00,0.08,0.01,0,257.48,33.04,1800.00,4.48,0.14,0
"2020-06-09T14:00:00Z","2020-06-09T14:30:00Z",3.15,1.95,4.96,0.16,1800.00,0.10,0.01,0,262.72,24.02,1800.00,4.48,0.12,0
"2020-06-09T14:30:00Z","2020-06-09T15:00:00Z",2.73,1.31,3.89,0.15,1800.00,0.08,0.01,0,260.20,30.83,1800.00,4.48,0.13,0
"2020-06-09T15:00:00Z","2020-06-09T15:30:00Z",2.81,1.65,3.91,0.15,1790.00,0.08,0.01,0,252.61,39.48,1790.00,4.48,0.15,0
"2020-06-09T15:30:00Z","2020-06-09T16:00:00Z",2.78,1.58,4.01,0.22,1800.00,0.08,0.01,0,256.32,71.77,1800.00,4.49,0.20,0
"2020-06-09T16:00:00Z","2020-06-09T16:30:00Z",2.84,1.31,4.12,0.28,1800.00,0.09,0.01,0,266.74,87.80,1800.00,4.49,0.22,0
"2020-06-09T16:30:00Z","2020-06-09T17:00:00Z",3.55,1.59,6.02,0.49,1800.00,0.16,0.02,0,264.23,127.95,1800.00,4.50,0.27,0
"2020-06-09T17:00:00Z","2020-06-09T17:30:00Z",4.28,2.23,7.53,0.50,1800.00,0.24,0.02,0,260.11,119.58,1800.00,4.50,0.26,0
"2020-06-09T17:30:00Z","2020-06-09T18:00:00Z",4.00,1.73,6.20,0.48,1800.00,0.17,0.02,0,265.43,153.47,1800.00,4.51,0.29,0
"2020-06-09T18:00:00Z","2020-06-09T18:30:00Z",3.36,1.48,5.14,0.44,1800.00,0.11,0.02,0,268.96,240.61,1800.00,4.53,0.37,0
"2020-06-09T18:30:00Z","2020-06-09T19:00:00Z",3.58,0.52,6.63,0.90,1800.00,0.19,0.02,0,286.82,272.17,1800.00,4.54,0.39,0
"2020-06-09T19:00:00Z","2020-06-09T19:30:00Z",3.57,0.04,7.14,1.55,1800.00,0.22,0.03,0,289.34,398.51,1800.00,4.57,0.47,0
"2020-06-09T19:30:00Z","2020-06-09T20:00:00Z",3.11,0.28,5.60,1.21,1791.00,0.14,0.03,0,291.90,507.95,1791.00,4.60,0.53,0
"2020-06-09T20:00:00Z","2020-06-09T20:30:00Z",2.35,0.09,5.69,1.51,1800.00,0.15,0.03,0,353.74,1786.65,1800.00,4.90,1.00,1
"2020-06-09T20:30:00Z","2020-06-09T21:00:00Z",2.07,0.24,4.55,0.65,1800.00,0.10,0.02,0,14.34,499.75,1800.00,4.59,0.53,1
"2020-06-09T21:00:00Z","2020-06-09T21:30:00Z",2.49,0.40,6.48,1.09,1800.00,0.19,0.02,0,14.62,563.07,1800.00,4.61,0.56,1
"2020-06-09T21:30:00Z","2020-06-09T22:00:00Z",1.68,0.10,5.25,0.65,1800.00,0.12,0.02,0,347.09,1239.24,1800.00,4.77,0.83,1
"2020-06-09T22:00:00Z","2020-06-09T22:30:00Z",1.71,0.06,4.54,0.91,1800.00,0.10,0.02,0,22.80,936.34,1800.00,4.70,0.72,1
"2020-06-09T22:30:00Z","2020-06-09T23:00:00Z",1.58,0.03,5.32,0.67,1800.00,0.12,0.02,0,73.69,3461.66,1800.00,5.26,1.39,1
"2020-06-09T23:00:00Z","2020-06-09T23:30:00Z",1.94,0.11,5.89,0.98,1800.00,0.16,0.02,0,148.77,4991.01,1800.00,5.58,1.67,0
"2020-06-09T23:30:00Z","2020-06-10T00:00:00Z",2.15,0.17,5.35,1.07,1791.00,0.13,0.02,0,5.09,887.81,1791.00,4.69,0.70,1
"2020-06-10T00:00:00Z","2020-06-10T00:30:00Z",1.99,0.10,5.41,1.34,1800.00,0.13,0.03,0,41.28,799.86,1800.00,4.67,0.67,1
"2020-06-10T00:30:00Z","2020-06-10T01:00:00Z",1.42,0.11,3.19,0.38,1800.00,0.07,0.01,0,22.73,2646.33,1800.00,5.09,1.21,1
"2020-06-10T01:00:00Z","2020-06-10T01:30:00Z",1.71,0.11,4.73,0.69,1800.00,0.10,0.02,0,13.36,648.43,1800.00,4.63,0.60,1
"2020-06-10T01:30:00Z","2020-06-10T02:00:00Z",2.55,0.24,8.71,2.18,1800.00,0.31,0.03,0,1.89,548.61,1800.00,4.61,0.55,1
"2020-06-10T02:00:00Z","2020-06-10T02:30:00Z",2.07,0.05,6.85,1.67,1800.00,0.21,0.03,0,30.44,303.78,1800.00,4.55,0.41,1
"2020-06-10T02:30:00Z","2020-06-10T03:00:00Z",1.90,0.05,4.92,0.73,1800.00,0.11,0.02,0,358.73,925.04,1800.00,4.70,0.72,1
"2020-06-10T03:00:00Z","2020-06-10T03:30:00Z",3.37,0.14,7.53,1.32,1800.00,0.24,0.03,0,59.63,380.89,1800.00,4.57,0.46,0
"2020-06-10T03:30:00Z","2020-06-10T04:00:00Z",5.04,1.92,8.76,2.16,1792.00,0.31,0.03,0,65.31,130.86,1792.00,4.50,0.27,0
"2020-06-10T04:00:00Z","2020-06-10T04:30:00Z",4.90,1.89,8.54,1.06,1800.00,0.30,0.02,0,61.37,194.28,1800.00,4.52,0.33,0
"2020-06-10T04:30:00Z","2020-06-10T05:00:00Z",3.95,1.60,7.59,1.36,1800.00,0.25,0.03,0,85.93,162.18,1800.00,4.51,0.30,0
"2020-06-10T05:00:00Z","2020-06-10T05:30:00Z",1.07,0.01,3.76,0.77,1800.00,0.09,0.02,0,76.00,5727.22,1800.00,5.72,1.78,0
"2020-06-10T05:30:00Z","2020-06-10T06:00:00Z",2.69,0.08,6.86,4.28,1800.00,0.22,0.05,0,259.90,1459.77,1800.00,4.82,0.90,0
"2020-06-10T06:00:00Z","2020-06-10T06:30:00Z",3.25,1.92,5.86,0.40,1800.00,0.15,0.01,0,265.87,191.38,1800.00,4.52,0.33,0
"2020-06-10T06:30:00Z","2020-06-10T07:00:00Z",3.20,1.91,4.67,0.22,1800.00,0.10,0.01,0,237.05,37.87,1800.00,4.48,0.15,0
"2020-06-10T07:00:00Z","2020-06-10T07:30:00Z",2.78,1.97,3.78,0.09,1800.00,0.08,0.01,0,242.25,40.70,1800.00,4.48,0.15,0
"2020-06-10T07:30:00Z","2020-06-10T08:00:00Z",2.91,1.64,4.67,0.21,1800.00,0.10,0.01,0,238.26,42.57,1800.00,4.48,0.15,0
"2020-06-10T08:00:00Z","2020-06-10T08:30:00Z",2.83,1.16,4.81,0.52,1792.00,0.10,0.02,0,229.17,163.19,1792.00,4.51,0.30,0
"2020-06-10T08:30:00Z","2020-06-10T09:00:00Z",2.59,1.70,3.44,0.10,1800.00,0.07,0.01,0,206.19,26.81,1800.00,4.48,0.12,0
"2020-06-10T09:00:00Z","2020-06-10T09:30:00Z",2.41,1.68,3.13,0.09,1800.00,0.07,0.01,0,206.37,130.63,1800.00,4.50,0.27,0
"2020-06-10T09:30:00Z","2020-06-10T10:00:00Z",1.75,1.02,2.50,0.13,1800.00,0.05,0.01,0,184.12,390.41,1800.00,4.57,0.47,0
"2020-06-10T10:00:00Z","2020-06-10T10:30:00Z",1.99,1.26,2.50,0.05,1800.00,0.05,0.01,0,151.73,100.28,1800.00,4.50,0.24,0
"2020-06-10T10:30:00Z","2020-06-10T11:00:00Z",1.49,0.62,2.17,0.08,1800.00,0.05,0.01,0,164.80,87.05,1800.00,4.49,0.22,0
"2020-06-10T11:00:00Z","2020-06-10T11:30:00Z",1.53,0.54,3.15,0.25,1800.00,0.07,0.01,0,188.15,601.70,1800.00,4.62,0.58,0
"2020-06-10T11:30:00Z","2020-06-10T12:00:00Z",2.81,1.98,3.69,0.10,1800.00,0.08,0.01,0,228.49,147.40,1800.00,4.51,0.29,0
"2020-06-10T12:00:00Z","2020-06-10T12:30:00Z",3.11,2.34,3.76,0.04,1791.00,0.08,0.00,0,214.28,18.24,1791.00,4.48,0.10,0
"2020-06-10T12:30:00Z","2020-06-10T13:00:00Z",2.86,2.13,3.38,0.05,1800.00,0.07,0.01,0,206.93,5.41,1800.00,4.47,0.05,0
"2020-06-10T13:00:00Z","2020-06-10T13:30:00Z",1.30,0.06,2.51,0.33,1800.00,0.06,0.01,0,207.12,6604.81,1800.00,5.89,1.92,0
"2020-06-10T13:30:00Z","2020-06-10T14:00:00Z",1.66,0.96,2.22,0.05,1800.00,0.05,0.01,0,188.86,231.02,1800.00,4.53,0.36,0
"2020-06-10T14:00:00Z","2020-06-10T14:30:00Z",1.22,0.33,2.24,0.16,1800.00,0.05,0.01,0,153.96,555.45,1800.00,4.61,0.56,0
"2020-06-10T14:30:00Z","2020-06-10T15:00:00Z",1.21,0.20,2.15,0.12,1800.00,0.05,0.01,0,73.54,395.97,1800.00,4.57,0.47,0
"2020-06-10T15:00:00Z","2020-06-10T15:30:00Z",0.65,0.01,1.38,0.08,1800.00,0.03,0.01,0,68.28,852.14,1800.00,4.68,0.69,0
"2020-06-10T15:30:00Z","2020-06-10T16:00:00Z",0.79,0.06,1.72,0.11,1800.00,0.04,0.01,0,47.84,983.49,1800.00,4.71,0.74,1
"2020-06-10T16:00:00Z","2020-06-10T16:30:00Z",1.36,0.25,2.75,0.20,1800.00,0.06,0.01,0,61.64,504.45,1800.00,4.60,0.53,0
"2020-06-10T16:30:00Z","2020-06-10T17:00:00Z",1.39,0.04,3.20,0.34,1792.00,0.07,0.01,0,53.86,1048.82,1792.00,4.73,0.77,1
"2020-06-10T17:00:00Z","2020-06-10T17:30:00Z",1.53,0.01,3.59,0.45,1800.00,0.08,0.02,0,63.23,988.03,1800.00,4.71,0.74,0
"2020-06-10T17:30:00Z","2020-06-10T18:00:00Z",1.30,0.06,3.13,0.37,1800.00,0.07,0.01,0,66.09,2992.92,1800.00,5.16,1.29,1
"2020-06-10T18:00:00Z","2020-06-10T18:30:00Z",1.90,0.08,3.93,0.56,1800.00,0.09,0.02,0,67.50,1318.45,1800.00,4.79,0.86,0
"2020-06-10T18:30:00Z","2020-06-10T19:00:00Z",1.99,0.06,5.07,1.17,1800.00,0.12,0.03,0,71.63,2953.71,1800.00,5.15,1.28,0
"2020-06-10T19:00:00Z","2020-06-10T19:30:00Z",2.05,0.01,6.06,1.26,1800.00,0.17,0.03,0,54.44,998.10,1800.00,4.71,0.74,1
"2020-06-10T19:30:00Z","2020-06-10T20:00:00Z",1.78,0.05,5.56,1.18,1800.00,0.14,0.03,0,11.74,3203.71,1800.00,5.21,1.33,1
"2020-06-10T20:00:00Z","2020-06-10T20:30:00Z",1.71,0.03,4.95,0.85,1800.00,0.11,0.02,0,64.15,8135.74,1800.00,6.17,2.13,0
"2020-06-10T20:30:00Z","2020-06-10T21:00:00Z",1.62,0.12,3.39,0.30,1793.00,0.07,0.01,0,124.73,986.38,1793.00,4.71,0.74,0
"2020-06-10T21:00:00Z","2020-06-10T21:30:00Z",1.57,0.01,4.27,0.62,1800.00,0.09,0.02,0,49.33,3443.21,1800.00,5.26,1.38,1
"2020-06-10T21:30:00Z","2020-06-10T22:00:00Z",1.36,0.01,4.46,0.87,1800.00,0.10,0.02,0,127.63,2996.13,1800.00,5.16,1.29,0
"2020-06-10T22:00:00Z","2020-06-10T22:30:00Z",1.73,0.07,5.29,0.87,1800.00,0.12,0.02,0,132.79,5261.55,1800.00,5.63,1.71,0
"2020-06-10T22:30:00Z","2020-06-10T23:00:00Z",1.87,0.08,4.90,1.22,1800.00,0.11,0.03,0,103.33,2872.11,1800.00,5.14,1.26,0
"2020-06-10T23:00:00Z","2020-06-10T23:30:00Z",1.71,0.09,4.70,0.98,1800.00,0.11,0.02,0,19.79,1134.24,1800.00,4.75,0.79,1
"2020-06-10T23:30:00Z","2020-06-11T00:00:00Z",4.15,0.09,11.02,8.07,1800.00,0.45,0.07,0,286.76,1340.93,1800.00,4.79,0.86,0
"2020-06-11T00:00:00Z","2020-06-11T00:30:00Z",6.75,3.20,11.35,1.58,1800.00,0.45,0.03,0,275.69,127.80,1800.00,4.50,0.27,0
"2020-06-11T00:30:00Z","2020-06-11T01:00:00Z",5.29,2.92,8.48,0.93,1790.00,0.29,0.02,0,287.46,76.88,1790.00,4.49,0.21,0
"2020-06-11T01:00:00Z","2020-06-11T01:30:00Z",5.32,2.77,7.71,0.77,1800.00,0.25,0.02,0,286.26,52.89,1800.00,4.49,0.17,0
"2020-06-11T01:30:00Z","2020-06-11T02:00:00Z",3.99,1.76,6.95,0.83,1800.00,0.21,0.02,0,279.84,55.65,1800.00,4.49,0.18,0
"2020-06-11T02:00:00Z","2020-06-11T02:30:00Z",3.16,1.51,5.06,0.30,1800.00,0.11,0.01,0,290.06,97.99,1800.00,4.50,0.23,0
"2020-06-11T02:30:00Z","2020-06-11T03:00:00Z",3.45,2.04,6.18,0.42,1800.00,0.17,0.02,0,281.50,144.72,1800.00,4.51,0.28,0
"2020-06-11T03:00:00Z","2020-06-11T03:30:00Z",2.89,1.51,4.42,0.22,1800.00,0.09,0.01,0,279.82,128.60,1800.00,4.50,0.27,0
"2020-06-11T03:30:00Z","2020-06-11T04:00:00Z",2.73,1.32,4.81,0.27,1800.00,0.10,0.01,0,280.28,96.94,1800.00,4.50,0.23,0
"2020-06-11T04:00:00Z","2020-06-11T04:30:00Z",2.23,0.56,4.29,0.36,1800.00,0.09,0.01,0,261.48,110.48,1800.00,4.50,0.25,0
"2020-06-11T04:30:00Z","2020-06-11T05:00:00Z",2.18,1.05,3.97,0.19,1800.00,0.08,0.01,0,256.44,70.54,1800.00,4.49,0.20,0
"2020-06-11T05:00:00Z","2020-06-11T05:30:00Z",2.73,1.13,6.45,1.17,1794.00,0.19,0.03,0,189.66,1207.99,1794.00,4.76,0.82,0
"2020-06-11T05:30:00Z","2020-06-11T06:00:00Z",3.78,1.53,7.00,0.82,1800.00,0.21,0.02,0,162.34,98.34,1800.00,4.50,0.23,0
"2020-06-11T06:00:00Z","2020-06-11T06:30:00Z",3.28,0.06,8.75,2.69,1800.00,0.31,0.04,0,188.43,3453.58,1800.00,5.26,1.39,0
"2020-06-11T06:30:00Z","2020-06-11T07:00:00Z",2.64,0.08,5.60,1.38,1800.00,0.14,0.03,0,202.53,1705.52,1800.00,4.88,0.97,0
"2020-06-11T07:00:00Z","2020-06-11T07:30:00Z",1.93,0.01,4.60,1.14,1800.00,0.11,0.03,0,71.04,8133.61,1800.00,6.17,2.13,0
"2020-06-11T07:30:00Z","2020-06-11T08:00:00Z",1.27,0.05,2.91,0.24,1800.00,0.06,0.01,0,31.56,219.95,1800.00,4.53,0.35,1
"2020-06-11T08:00:00Z","2020-06-11T08:30:00Z",1.96,0.28,3.36,0.27,1800.00,0.07,0.01,0,87.87,2527.41,1800.00,5.06,1.18,1
"2020-06-11T08:30:00Z","2020-06-11T09:00:00Z",2.88,1.42,4.74,0.36,1800.00,0.10,0.01,0,145.71,360.13,1800.00,4.56,0.45,0
"2020-06-11T09:00:00Z","2020-06-11T09:30:00Z",2.23,1.20,3.43,0.18,1800.00,0.07,0.01,0,125.93,127.76,1800.00,4.50,0.27,0
"2020-06-11T09:30:00Z","2020-06-11T10:00:00Z",1.63,0.98,2.42,0.08,1791.00,0.05,0.01,0,170.69,317.00,1791.00,4.55,0.42,0
"2020-06-11T10:00:00Z","2020-06-11T10:30:00Z",1.67,0.99,2.43,0.06,1800.00,0.05,0.01,0,208.02,402.80,1800.00,4.57,0.47,0
"2020-06-11T10:30:00Z","2020-06-11T11:00:00Z",2.13,1.41,3.09,0.11,1800.00,0.06,0.01,0,244.43,76.41,1800.00,4.49,0.21,0
"2020-06-11T11:00:00Z","2020-06-11T11:30:00Z",2.60,1.67,3.54,0.08,1800.00,0.07,0.01,0,246.88,24.95,1800.00,4.48,0.12,0
"2020-06-11T11:30:00Z","2020-06-11T12:00:00Z",2.84,1.92,3.85,0.10,1800.00,0.08,0.01,0,256.44,42.81,1800.00,4.48,0.15,0
"2020-06-11T12:00:00Z","2020-06-11T12:30:00Z",2.07,0.64,3.20,0.30,1800.00,0.07,0.01,0,215.25,2240.97,1800.00,5.00,1.12,0
"2020-06-11T12:30:00Z","2020-06-11T13:00:00Z",1.32,0.70,2.35,0.09,1800.00,0.05,0.01,0,179.28,596.33,1800.00,4.62,0.58,0
"2020-06-11T13:00:00Z","2020-06-11T13:30:00Z",1.24,0.05,2.02,0.18,1800.00,0.05,0.01,0,255.83,895.29,1800.00,4.69,0.71,0
"2020-06-11T13:30:00Z","2020-06-11T14:00:00Z",1.73,0.77,2.51,0.10,1793.00,0.05,0.01,0,205.27,383.19,1793.00,4.57,0.46,0
"2020-06-11T14:00:00Z","2020-06-11T14:30:00Z",1.36,0.61,1.98,0.08,1800.00,0.04,0.01,0,224.19,316.53,1800.00,4.55,0.42,0
"2020-06-11T14:30:00Z","2020-06-11T15:00:00Z",1.72,0.80,2.63,0.09,1800.00,0.06,0.01,0,215.96,79.93,1800.00,4.49,0.21,0
"2020-06-11T15:00:00Z","2020-06-11T15:30:00Z",1.55,0.90,2.37,0.05,1800.00,0.05,0.01,0,191.56,229.07,1800.00,4.53,0.36,0
"2020-06-11T15:30:00Z","2020-06-11T16:00:00Z",0.44,0.01,1.39,0.08,1800.00,0.03,0.01,0,81.38,3282.86,1800.00,5.22,1.35,1
"2020-06-11T16:00:00Z","2020-06-11T16:30:00Z",0.88,0.06,2.43,0.18,1800.00,0.05,0.01,0,8.23,2721.38,1800.00,5.10,1.23,0
"2020-06-11T16:30:00Z","2020-06-11T17:00:00Z",1.29,0.00,3.42,0.82,1800.00,0.08,0.02,0,91.59,1831.27,1800.00,4.91,1.01,0
"2020-06-11T17:00:00Z","2020-06-11T17:30:00Z",1.54,0.57,2.40,0.10,1800.00,0.05,0.01,0,61.62,212.74,1800.00,4.52,0.34,0
"2020-06-11T17:30:00Z","2020-06-11T18:00:00Z",1.36,0.17,3.08,0.22,1800.00,0.07,0.01,0,85.53,927.44,1800.00,4.70,0.72,0
"2020-06-11T18:00:00Z","2020-06-11T18:30:00Z",1.80,0.09,3.96,0.37,1792.00,0.09,0.01,0,116.02,857.67,1792.00,4.68,0.69,0
"2020-06-11T18:30:00Z","2020-06-11T19:00:00Z",1.10,0.01,2.45,0.23,1800.00,0.06,0.01,0,286.48,6708.56,1800.00,5.91,1.93,0
"2020-06-11T19:00:00Z","2020-06-11T19:30:00Z",1.30,0.00,2.95,0.48,1800.00,0.07,0.02,0,278.68,3385.98,1800.00,5.25,1.37,0
"2020-06-11T19:30:00Z","2020-06-11T20:00:00Z",1.71,0.01,5.67,1.09,1800.00,0.15,0.02,0,319.12,1939.61,1800.00,4.93,1.04,0
"2020-06-11T20:00:00Z","2020-06-11T20:30:00Z",2.18,0.08,3.97,0.54,1800.00,0.09,0.02,0,277.36,577.37,1800.00,4.61,0.57,0
"2020-06-11T20:30:00Z","2020-06-11T21:00:00Z",1.47,0.00,3.76,0.47,1800.00,0.08,0.02,0,267.65,3836.60,1800.00,5.34,1.46,0
"2020-06-11T21:00:00Z","2020-06-11T21:30:00Z",1.38,0.04,3.37,0.40,1800.00,0.07,0.01,0,150.29,7997.36,1800.00,6.15,2.11,0
"2020-06-11T21:30:00Z","2020-06-11T22:00:00Z",1.92,0.03,4.57,0.98,1800.00,0.10,0.02,0,80.02,3382.20,1800.00,5.25,1.37,0
"2020-06-11T22:00:00Z","2020-06-11T22:30:00Z",2.52,0.27,5.27,0.85,1791.00,0.12,0.02,0,63.12,1614.32,1791.00,4.86,0.95,1
"2020-06-11T22:30:00Z","2020-06-11T23:00:00Z",2.67,0.25,5.31,1.13,1800.00,0.13,0.03,0,48.25,365.03,1800.00,4.56,0.45,1
"2020-06-11T23:00:00Z","2020-06-11T23:30:00Z",2.53,0.13,5.93,1.20,1800.00,0.16,0.03,0,39.22,466.53,1800.00,4.59,0.51,1
"2020-06-11T23:30:00Z","2020-06-12T00:00:00Z",1.99,0.13,4.05,0.48,1800.00,0.09,0.02,0,42.56,296.35,1800.00,4.55,0.41,1
"2020-06-12T00:00:00Z","2020-06-12T00:30:00Z",1.27,0.01,3.36,0.42,1800.00,0.07,0.02,0,23.06,1948.45,1800.00,4.93,1.04,1
"2020-06-12T00:30:00Z","2020-06-12T01:00:00Z",1.24,0.01,4.25,0.51,1800.00,0.09,0.02,0,25.74,5085.83,1800.00,5.59,1.68,1
"2020-06-12T01:00:00Z","2020-06-12T01:30:00Z",2.58,0.01,5.75,1.72,1800.00,0.15,0.03,0,266.91,1856.32,1800.00,4.91,1.02,0
"2020-06-12T01:30:00Z","2020-06-12T02:00:00Z",2.89,0.93,4.96,0.48,1800.00,0.11,0.02,0,293.57,698.20,1800.00,4.64,0.62,0
"2020-06-12T02:00:00Z","2020-06-12T02:30:00Z",1.83,0.22,5.16,0.71,1800.00,0.12,0.02,0,14.75,551.50,1800.00,4.61,0.55,1
"2020-06-12T02:30:00Z","2020-06-12T03:00:00Z",2.20,0.01,6.08,1.61,1794.00,0.17,0.03,0,37.54,1234.40,1794.00,4.77,0.83,1
"2020-06-12T03:00:00Z","2020-06-12T03:30:00Z",2.13,0.34,5.15,0.67,1800.00,0.11,0.02,0,22.00,195.91,1800.00,4.52,0.33,1
"2020-06-12T03:30:00Z","2020-06-12T04:00:00Z",2.24,0.16,4.67,0.83,1800.00,0.10,0.02,0,47.03,895.82,1800.00,4.69,0.71,1
"2020-06-12T04:00:00Z","2020-06-12T04:30:00Z",2.49,0.33,5.77,0.76,1800.00,0.15,0.02,0,43.42,464.53,1800.00,4.59,0.51,1
"2020-06-12T04:30:00Z","2020-06-12T05:00:00Z",2.86,0.49,5.23,0.44,1800.00,0.12,0.02,0,66.50,765.17,1800.00,4.66,0.65,1
"2020-06-12T05:00:00Z","2020-06-12T05:30:00Z",2.13,1.34,2.82,0.06,1800.00,0.06,0.01,0,128.19,129.10,1800.00,4.50,0.27,0
"2020-06-12T05:30:00Z","2020-06-12T06:00:00Z",2.20,1.36,2.96,0.08,1800.00,0.06,0.01,0,151.03,38.14,1800.00,4.48,0.15,0
"2020-06-12T06:00:00Z","2020-06-12T06:30:00Z",1.99,1.32,2.96,0.09,1800.00,0.06,0.01,0,159.97,73.62,1800.00,4.49,0.20,0
"2020-06-12T06:30:00Z","2020-06-12T07:00:00Z",2.27,1.35,3.21,0.14,1795.00,0.07,0.01,0,223.76,1030.11,1795.00,4.72,0.76,0
"2020-06-12T07:00:00Z","2020-06-12T07:30:00Z",2.03,1.10,3.48,0.15,1800.00,0.07,0.01,0,223.90,1229.11,1800.00,4.77,0.83,0
"2020-06-12T07:30:00Z","2020-06-12T08:00:00Z",2.14,0.68,3.72,0.51,1800.00,0.08,0.02,0,166.69,210.23,1800.00,4.52,0.34,0
"2020-06-12T08:00:00Z","2020-06-12T08:30:00Z",2.25,0.75,3.57,0.45,1800.00,0.08,0.02,0,169.64,340.64,1800.00,4.56,0.44,0
"2020-06-12T08:30:00Z","2020-06-12T09:00:00Z",2.53,0.92,3.83,0.24,1800.00,0.08,0.01,0,184.54,2224.47,1800.00,4.99,1.11,0
"2020-06-12T09:00:00Z","2020-06-12T09:30:00Z",2.94,1.69,3.94,0.18,1800.00,0.08,0.01,0,232.80,73.78,1800.00,4.49,0.20,0
"2020-06-12T09:30:00Z","2020-06-12T10:00:00Z",2.64,1.57,3.64,0.10,1800.00,0.08,0.01,0,225.17,124.73,1800.00,4.50,0.26,0
"2020-06-12T10:00:00Z","2020-06-12T10:30:00Z",2.59,1.27,3.55,0.16,1800.00,0.07,0.01,0,225.12,250.58,1800.00,4.53,0.37,0
"2020-06-12T10:30:00Z","2020-06-12T11:00:00Z",2.56,1.28,4.30,0.29,1800.00,0.09,0.01,0,212.68,208.92,1800.00,4.52,0.34,0
"2020-06-12T11:00:00Z","2020-06-12T11:30:00Z",2.32,0.98,3.82,0.28,1796.00,0.08,0.01,0,207.37,393.65,1796.00,4.57,0.47,0
"2020-06-12T11:30:00Z","2020-06-12T12:00:00Z",3.07,1.41,3.79,0.13,1800.00,0.08,0.01,0,208.27,47.05,1800.00,4.48,0.16,0
"2020-06-12T12:00:00Z","2020-06-12T12:30:00Z",2.98,2.12,3.69,0.06,1800.00,0.08,0.01,0,207.96,51.48,1800.00,4.48,0.17,0
"2020-06-12T12:30:00Z","2020-06-12T13:00:00Z",2.88,2.30,3.43,0.03,1800.00,0.07,0.00,0,211.92,42.54,1800.00,4.48,0.15,0
"2020-06-12T13:00:00Z","2020-06-12T13:30:00Z",2.74,2.09,3.45,0.04,1800.00,0.07,0.00,0,225.54,52.94,1800.00,4.49,0.17,0
"2020-06-12T13:30:00Z","2020-06-12T14:00:00Z",2.22,1.44,3.03,0.07,1800.00,0.06,0.01,0,218.00,68.33,1800.00,4.49,0.19,0
"2020-06-12T14:00:00Z","2020-06-12T14:30:00Z",2.17,1.38,2.97,0.09,1800.00,0.06,0.01,0,250.93,71.08,1800.00,4.49,0.20,0
"2020-06-12T14:30:00Z","2020-06-12T15:00:00Z",2.09,1.07,2.91,0.09,1800.00,0.06,0.01,0,257.08,54.17,1800.00,4.49,0.17,0
"2020-06-12T15:00:00Z","2020-06-12T15:30:00Z",2.32,1.11,3.33,0.17,1793.00,0.07,0.01,0,258.53,88.51,1793.00,4.49,0.22,0
"2020-06-12T15:30:00Z","2020-06-12T16:00:00Z",1.41,0.47,2.69,0.16,1800.00,0.06,0.01,0,267.58,199.53,1800.00,4.52,0.33,0
"2020-06-12T16:00:00Z","2020-06-12T16:30:00Z",1.44,0.16,3.10,0.28,1800.00,0.07,0.01,0,272.37,981.29,1800.00,4.71,0.74,0
"2020-06-12T16:30:00Z","2020-06-12T17:00:00Z",2.15,0.04,3.84,0.54,1800.00,0.09,0.02,0,291.29,479.07,1800.00,4.59,0.52,0
"2020-06-12T17:00:00Z","2020-06-12T17:30:00Z",3.79,1.77,6.75,0.73,1800.00,0.20,0.02,0,272.92,263.26,1800.00,4.54,0.38,0
"2020-06-12T17:30:00Z","2020-06-12T18:00:00Z",4.13,1.45,6.64,0.83,1800.00,0.19,0.02,0,272.12,175.81,1800.00,4.52,0.31,0
"2020-06-12T18:00:00Z","2020-06-12T18:30:00Z",2.46,0.09,4.87,0.66,1800.00,0.11,0.02,0,281.93,1479.71,1800.00,4.83,0.91,0
"2020-06-12T18:30:00Z","2020-06-12T19:00:00Z",1.99,0.00,4.94,1.00,1800.00,0.11,0.02,0,261.61,2809.66,1800.00,5.12,1.25,0
"2020-06-12T19:00:00Z","2020-06-12T19:30:00Z",1.53,0.01,3.55,0.53,1800.00,0.08,0.02,0,301.06,3489.78,1800.00,5.27,1.39,1
"2020-06-12T19:30:00Z","2020-06-12T20:00:00Z",3.03,0.06,5.84,1.52,1792.00,0.16,0.03,0,309.74,740.05,1792.00,4.65,0.64,0
"2020-06-12T20:00:00Z","2020-06-12T20:30:00Z",3.83,2.04,6.10,0.44,1800.00,0.16,0.02,0,290.17,135.25,1800.00,4.51,0.27,0
"2020-06-12T20:30:00Z","2020-06-12T21:00:00Z",4.75,2.51,7.43,0.77,1800.00,0.24,0.02,0,288.59,77.60,1800.00,4.49,0.21,0
"2020-06-12T21:00:00Z","2020-06-12T21:30:00Z",5.11,2.90,7.54,0.80,1800.00,0.24,0.02,0,276.22,128.95,1800.00,4.50,0.27,0
"2020-06-12T21:30:00Z","2020-06-12T22:00:00Z",4.96,2.13,7.89,1.04,1800.00,0.26,0.02,0,284.36,301.92,1800.00,4.55,0.41,0
"2020-06-12T22:00:00Z","2020-06-12T22:30:00Z",3.44,1.74,6.38,0.69,1800.00,0.18,0.02,0,298.60,185.23,1800.00,4.52,0.32,0
"2020-06-12T22:30:00Z","2020-06-12T23:00:00Z",1.87,0.49,4.82,0.62,1800.00,0.10,0.02,0,250.10,521.76,1800.00,4.60,0.54,0
"2020-06-12T23:00:00Z","2020-06-12T23:30:00Z",1.92,0.45,3.53,0.26,1800.00,0.08,0.01,0,217.21,880.26,1800.00,4.69,0.70,0
"2020-06-12T23:30:00Z","2020-06-13T00:00:00Z",5.07,2.26,8.40,1.26,1791.00,0.29,0.03,0,104.77,348.92,1791.00,4.56,0.44,0
"2020-06-13T00:00:00Z","2020-06-13T00:30:00Z",1.72,0.03,6.68,1.23,1800.00,0.20,0.03,0,335.94,4306.64,1800.00,5.44,1.55,1
"2020-06-13T00:30:00Z","2020-06-13T01:00:00Z",3.59,1.81,5.49,0.47,1800.00,0.13,0.02,0,245.37,63.08,1800.00,4.49,0.19,0
"2020-06-13T01:00:00Z","2020-06-13T01:30:00Z",3.76,2.29,5.54,0.37,1800.00,0.13,0.01,0,262.09,40.86,1800.00,4.48,0.15,0
"2020-06-13T01:30:00Z","2020-06-13T02:00:00Z",4.79,2.33,6.99,0.59,1800.00,0.21,0.02,0,279.26,61.09,1800.00,4.49,0.18,0
"2020-06-13T02:00:00Z","2020-06-13T02:30:00Z",3.63,0.96,5.39,0.36,1800.00,0.12,0.01,0,283.08,508.19,1800.00,4.60,0.53,0
"2020-06-13T02:30:00Z","2020-06-13T03:00:00Z",3.02,0.99,5.78,0.67,1800.00,0.15,0.02,0,276.92,814.19,1800.00,4.67,0.67,0
"2020-06-13T03:00:00Z","2020-06-13T03:30:00Z",1.76,0.77,3.03,0.19,1800.00,0.06,0.01,0,183.69,1954.59,1800.00,4.93,1.04,0
"2020-06-13T03:30:00Z","2020-06-13T04:00:00Z",2.25,1.10,3.97,0.23,1795.00,0.08,0.01,0,90.36,259.47,1795.00,4.54,0.38,0
"2020-06-13T04:00:00Z","2020-06-13T04:30:00Z",3.24,1.47,5.13,0.39,1795.00,0.11,0.01,0,97.24,85.14,1795.00,4.49,0.22,0
"2020-06-13T04:30:00Z","2020-06-13T05:00:00Z",2.79,0.81,5.38,0.53,1800.00,0.13,0.02,0,128.79,205.87,1800.00,4.52,0.34,0
"2020-06-13T05:00:00Z","2020-06-13T05:30:00Z",1.44,0.00,2.78,0.48,1800.00,0.07,0.02,0,180.19,3120.77,1800.00,5.19,1.32,0
"2020-06-13T05:30:00Z","2020-06-13T06:00:00Z",1.10,0.19,1.86,0.14,1800.00,0.04,0.01,0,64.49,144.13,1800.00,4.51,0.28,0
"2020-06-13T06:00:00Z","2020-06-13T06:30:00Z",0.80,0.06,2.40,0.27,1800.00,0.06,0.01,0,243.64,6926.24,1800.00,5.95,1.96,0
"2020-06-13T06:30:00Z","2020-06-13T07:00:00Z",1.38,0.95,2.67,0.10,1800.00,0.06,0.01,0,274.16,862.15,1800.00,4.68,0.69,0
"2020-06-13T07:00:00Z","2020-06-13T07:30:00Z",2.29,1.56,2.91,0.07,1800.00,0.06,0.01,0,192.68,13.04,1800.00,4.48,0.09,0
"2020-06-13T07:30:00Z","2020-06-13T08:00:00Z",1.60,0.78,2.34,0.13,1800.00,0.05,0.01,0,202.11,152.47,1800.00,4.51,0.29,0
"2020-06-13T08:00:00Z","2020-06-13T08:30:00Z",2.05,1.22,2.82,0.22,1794.00,0.06,0.01,0,196.57,35.95,1794.00,4.48,0.14,0
"2020-06-13T08:30:00Z","2020-06-13T09:00:00Z",2.40,1.72,2.82,0.04,1800.00,0.06,0.00,0,211.68,24.88,1800.00,4.48,0.12,0
"2020-06-13T09:00:00Z","2020-06-13T09:30:00Z",2.36,1.80,3.11,0.04,1800.00,0.06,0.00,0,216.17,57.93,1800.00,4.49,0.18,0
"2020-06-13T09:30:00Z","2020-06-13T10:00:00Z",2.22,1.44,2.60,0.04,1800.00,0.05,0.00,0,199.22,17.67,1800.00,4.48,0.10,0
"2020-06-13T10:00:00Z","2020-06-13T10:30:00Z",2.17,1.62,3.01,0.07,1800.00,0.06,0.01,0,179.95,52.14,1800.00,4.49,0.17,0
"2020-06-13T10:30:00Z","2020-06-13T11:00:00Z",1.78,0.77,3.18,0.47,1800.00,0.07,0.02,0,193.02,304.52,1800.00,4.55,0.41,0
"2020-06-13T11:00:00Z","2020-06-13T11:30:00Z",2.25,1.11,3.00,0.21,1800.00,0.06,0.01,0,216.64,273.93,1800.00,4.54,0.39,0
"2020-06-13T11:30:00Z","2020-06-13T12:00:00Z",2.79,2.04,3.09,0.02,1800.00,0.06,0.00,0,214.84,72.70,1800.00,4.49,0.20,0
"2020-06-13T12:00:00Z","2020-06-13T12:30:00Z",2.28,1.74,3.14,0.13,1800.00,0.07,0.01,0,206.95,44.08,1800.00,4.48,0.16,0
"2020-06-13T12:30:00Z","2020-06-13T13:00:00Z",2.42,1.71,2.91,0.05,1794.00,0.06,0.01,0,179.18,74.84,1794.00,4.49,0.20,0
"2020-06-13T13:00:00Z","2020-06-13T13:30:00Z",2.09,0.16,2.91,0.29,1800.00,0.06,0.01,0,203.90,1594.02,1800.00,4.85,0.94,0
"2020-06-13T13:30:00Z","2020-06-13T14:00:00Z",1.80,0.78,2.54,0.11,1800.00,0.05,0.01,0,215.37,367.02,1800.00,4.56,0.45,0
"2020-06-13T14:00:00Z","2020-06-13T14:30:00Z",2.01,0.46,2.68,0.19,1800.00,0.06,0.01,0,233.06,160.53,1800.00,4.51,0.30,0
"2020-06-13T14:30:00Z","2020-06-13T15:00:00Z",1.32,0.28,2.31,0.23,1800.00,0.05,0.01,0,220.10,217.96,1800.00,4.53,0.35,0
"2020-06-13T15:00:00Z","2020-06-13T15:30:00Z",0.72,0.01,1.96,0.26,1800.00,0.05,0.01,0,121.70,4511.49,1800.00,5.48,1.58,0
"2020-06-13T15:30:00Z","2020-06-13T16:00:00Z",0.78,0.03,1.49,0.07,1800.00,0.03,0.01,0,185.75,4852.25,1800.00,5.55,1.64,0
"2020-06-13T16:00:00Z","2020-06-13T16:30:00Z",0.90,0.03,2.36,0.24,1800.00,0.05,0.01,0,352.67,5418.90,1800.00,5.66,1.74,0
"2020-06-13T16:30:00Z","2020-06-13T17:00:00Z",1.33,0.23,2.46,0.10,1791.00,0.05,0.01,0,54.31,127.50,1791.00,4.50,0.27,0
"2020-06-13T17:00:00Z","2020-06-13T17:30:00Z",1.68,0.69,3.12,0.19,1800.00,0.07,0.01,0,89.08,214.41,1800.00,4.53,0.35,0
"2020-06-13T17:30:00Z","2020-06-13T18:00:00Z",2.28,1.06,3.32,0.17,1800.00,0.07,0.01,0,73.76,184.70,1800.00,4.52,0.32,0
"2020-06-13T18:00:00Z","2020-06-13T18:30:00Z",2.46,0.91,3.94,0.37,1800.00,0.08,0.01,0,75.54,148.57,1800.00,4.51,0.29,0
"2020-06-13T18:30:00Z","2020-06-13T19:00:00Z",2.61,0.42,4.28,0.39,1800.00,0.09,0.01,0,68.56,413.35,1800.00,4.57,0.48,0
"2020-06-13T19:00:00Z","2020-06-13T19:30:00Z",2.93,0.43,5.13,0.43,1800.00,0.11,0.02,0,70.60,266.41,1800.00,4.54,0.38,0
"2020-06-13T19:30:00Z","2020-06-13T20:00:00Z",2.68,0.54,6.21,0.56,1800.00,0.17,0.02,0,80.28,133.07,1800.00,4.51,0.27,0
"2020-06-13T20:00:00Z","2020-06-13T20:30:00Z",1.81,0.10,4.76,0.72,1800.00,0.10,0.02,0,55.21,1316.02,1800.00,4.79,0.86,1
"2020-06-13T20:30:00Z","2020-06-13T21:00:00Z",2.73,0.30,4.85,0.69,1800.00,0.11,0.02,0,64.81,367.60,1800.00,4.56,0.45,0
"2020-06-13T21:00:00Z","2020-06-13T21:30:00Z",2.57,0.53,4.29,0.40,1792.00,0.09,0.01,0,55.18,316.83,1792.00,4.55,0.42,1
"2020-06-13T21:30:00Z","2020-06-13T22:00:00Z",2.20,0.01,5.26,1.02,1800.00,0.12,0.02,0,54.63,1020.21,1800.00,4.72,0.75,1
"2020-06-13T22:00:00Z","2020-06-13T22:30:00Z",3.88,0.21,7.91,1.89,1800.00,0.27,0.03,0,52.82,327.70,1800.00,4.55,0.43,1
"2020-06-13T22:30:00Z","2020-06-13T23:00:00Z",3.09,0.49,7.05,1.48,1800.00,0.22,0.03,0,35.79,250.16,1800.00,4.53,0.37,1
"2020-06-13T23:00:00Z","2020-06-13T23:30:00Z",2.48,0.02,6.63,1.75,1800.00,0.20,0.03,0,61.41,1990.33,1800.00,4.94,1.05,1
"2020-06-13T23:30:00Z","2020-06-14T00:00:00Z",3.39,0.03,7.05,1.35,1800.00,0.22,0.03,0,63.61,436.25,1800.00,4.58,0.49,0
"2020-06-14T00:00:00Z","2020-06-14T00:30:00Z",3.01,0.03,6.16,1.30,1800.00,0.17,0.03,0,67.22,807.61,1800.00,4.67,0.67,0
"2020-06-14T00:30:00Z","2020-06-14T01:00:00Z",2.20,0.18,4.60,0.62,1800.00,0.10,0.02,0,93.56,622.12,1800.00,4.62,0.59,0
"2020-06-14T01:00:00Z","2020-06-14T01:30:00Z",2.47,0.82,4.29,0.44,1793.00,0.09,0.02,0,103.26,522.16,1793.00,4.60,0.54,0
"2020-06-14T01:30:00Z","2020-06-14T02:00:00Z",2.56,0.88,5.01,0.34,1800.00,0.10,0.01,0,130.76,715.71,1800.00,4.65,0.63,0
"2020-06-14T02:00:00Z","2020-06-14T02:30:00Z",1.67,0.01,3.84,0.65,1800.00,0.09,0.02,0,52.42,1787.14,1800.00,4.90,1.00,1
"2020-06-14T02:30:00Z","2020-06-14T03:00:00Z",1.32,0.02,5.63,0.75,1800.00,0.14,0.02,0,27.95,540.16,1800.00,4.60,0.55,1
"2020-06-14T03:00:00Z","2020-06-14T03:30:00Z",2.22,0.13,5.66,1.41,1800.00,0.15,0.03,0,23.62,436.82,1800.00,4.58,0.49,1
"2020-06-14T03:30:00Z","2020-06-14T04:00:00Z",2.60,0.40,9.03,2.40,1800.00,0.33,0.04,0,29.20,181.14,1800.00,4.52,0.32,1
"2020-06-14T04:00:00Z","2020-06-14T04:30:00Z",4.12,0.86,11.60,3.07,1800.00,0.46,0.04,0,32.63,150.17,1800.00,4.51,0.29,1
"2020-06-14T04:30:00Z","2020-06-14T05:00:00Z",4.32,0.95,9.77,2.40,1800.00,0.37,0.04,0,74.03,417.48,1800.00,4.57,0.48,0
"2020-06-14T05:00:00Z","2020-06-14T05:30:00Z",1.60,0.57,3.23,0.24,1792.00,0.07,0.01,0,150.88,1765.56,1792.00,4.89,0.99,0
"2020-06-14T05:30:00Z","2020-06-14T06:00:00Z",1.22,0.03,2.53,0.20,1800.00,0.06,0.01,0,132.76,3266.81,1800.00,5.22,1.35,0
"2020-06-14T06:00:00Z","2020-06-14T06:30:00Z",1.55,1.07,2.23,0.07,1800.00,0.05,0.01,0,235.38,149.02,1800.00,4.51,0.29,0
"2020-06-14T06:30:00Z","2020-06-14T07:00:00Z",0.82,0.20,2.12,0.18,1800.00,0.05,0.01,0,227.81,807.14,1800.00,4.67,0.67,0
"2020-06-14T07:00:00Z","2020-06-14T07:30:00Z",2.45,1.10,4.03,0.23,1800.00,0.08,0.01,0,122.69,68.96,1800.00,4.49,0.20,0
"2020-06-14T07:30:00Z","2020-06-14T08:00:00Z",2.63,1.64,4.02,0.14,1800.00,0.08,0.01,0,104.50,258.09,1800.00,4.54,0.38,0
"2020-06-14T08:00:00Z","2020-06-14T08:30:00Z",1.39,0.60,2.35,0.13,1800.00,0.05,0.01,0,59.62,142.32,1800.00,4.51,0.28,0
"2020-06-14T08:30:00Z","2020-06-14T09:00:00Z",0.45,0.04,1.40,0.04,1800.00,0.03,0.00,0,53.36,3916.45,1800.00,5.36,1.48,1
"2020-06-14T09:00:00Z","2020-06-14T09:30:00Z",1.53,0.22,3.15,0.41,1800.00,0.07,0.02,0,291.43,2545.46,1800.00,5.07,1.19,1
"2020-06-14T09:30:00Z","2020-06-14T10:00:00Z",2.03,0.57,3.12,0.25,1793.00,0.07,0.01,0,286.49,570.08,1793.00,4.61,0.56,0
"2020-06-14T10:00:00Z","2020-06-14T10:30:00Z",2.03,0.11,3.15,0.15,1800.00,0.07,0.01,0,207.25,349.83,1800.00,4.56,0.44,0
"2020-06-14T10:30:00Z","2020-06-14T11:00:00Z",2.80,1.04,5.83,0.87,1800.00,0.15,0.02,0,235.78,389.64,1800.00,4.57,0.47,0
"2020-06-14T11:00:00Z","2020-06-14T11:30:00Z",4.47,2.44,6.75,0.45,1800.00,0.20,0.02,0,257.15,44.85,1800.00,4.48,0.16,0
"2020-06-14T11:30:00Z","2020-06-14T12:00:00Z",3.95,2.21,6.00,0.49,1800.00,0.16,0.02,0,248.31,72.41,1800.00,4.49,0.20,0
"2020-06-14T12:00:00Z","2020-06-14T12:30:00Z",3.67,2.12,5.61,0.31,1800.00,0.14,0.01,0,254.39,63.77,1800.00,4.49,0.19,0
"2020-06-14T12:30:00Z","2020-06-14T13:00:00Z",3.43,1.96,5.01,0.37,1800.00,0.10,0.01,0,257.45,36.46,1800.00,4.48,0.14,0
"2020-06-14T13:00:00Z","2020-06-14T13:30:00Z",2.52,1.55,3.75,0.08,1800.00,0.08,0.01,0,257.05,34.41,1800.00,4.48,0.14,0
"2020-06-14T13:30:00Z","2020-06-14T14:00:00Z",2.69,1.55,3.79,0.10,1800.00,0.08,0.01,0,248.60,29.94,1800.00,4.48,0.13,0
"2020-06-14T14:00:00Z","2020-06-14T14:30:00Z",2.22,1.06,3.38,0.14,1789.00,0.07,0.01,0,249.94,129.91,1789.00,4.50,0.27,0
"2020-06-14T14:30:00Z","2020-06-14T15:00:00Z",1.57,0.67,2.43,0.10,1800.00,0.05,0.01,0,235.89,637.03,1800.00,4.63,0.59,0
"2020-06-14T15:00:00Z","2020-06-14T15:30:00Z",0.77,0.03,2.31,0.11,1800.00,0.05,0.01,0,324.65,7776.73,1800.00,6.11,2.08,0
"2020-06-14T15:30:00Z","2020-06-14T16:00:00Z",0.82,0.04,2.43,0.13,1800.00,0.05,0.01,0,325.52,816.29,1800.00,4.67,0.67,0
"2020-06-14T16:00:00Z","2020-06-14T16:30:00Z",0.51,0.01,1.11,0.04,1800.00,0.03,0.00,0,236.14,4065.34,1800.00,5.39,1.50,0
"2020-06-14T16:30:00Z","2020-06-14T17:00:00Z",0.59,0.02,1.78,0.06,1800.00,0.04,0.01,0,336.26,974.54,1800.00,4.71,0.74,1
"2020-06-14T17:00:00Z","2020-06-14T17:30:00Z",1.17,0.00,2.94,0.44,1800.00,0.07,0.02,0,43.60,2583.96,1800.00,5.07,1.20,1
"2020-06-14T17:30:00Z","2020-06-14T18:00:00Z",1.56,0.18,3.30,0.54,1800.00,0.08,0.02,0,41.65,1085.68,1800.00,4.73,0.78,1
"2020-06-14T18:00:00Z","2020-06-14T18:30:00Z",1.17,0.02,3.16,0.37,1790.00,0.07,0.01,0,354.10,4294.26,1790.00,5.44,1.55,1
"2020-06-14T18:30:00Z","2020-06-14T19:00:00Z",1.33,0.02,3.98,0.40,1800.00,0.09,0.01,0,6.62,8808.41,1800.00,6.29,2.21,1
"2020-06-14T19:00:00Z","2020-06-14T19:30:00Z",2.00,0.02,5.50,0.96,1800.00,0.14,0.02,0,285.02,2407.28,1800.00,5.03,1.16,0
"2020-06-14T19:30:00Z","2020-06-14T20:00:00Z",2.29,0.03,4.90,0.98,1800.00,0.11,0.02,0,296.00,1554.97,1800.00,4.84,0.93,0
"2020-06-14T20:00:00Z","2020-06-14T20:30:00Z",1.75,0.00,4.97,1.17,1800.00,0.11,0.03,0,330.65,2716.29,1800.00,5.10,1.23,1
"2020-06-14T20:30:00Z","2020-06-14T21:00:00Z",1.43,0.07,3.28,0.40,1800.00,0.07,0.01,0,351.22,1266.61,1800.00,4.78,0.84,1
"2020-06-14T21:00:00Z","2020-06-14T21:30:00Z",1.06,0.00,3.60,0.42,1800.00,0.08,0.02,0,21.38,3078.19,1800.00,5.18,1.31,1
"2020-06-14T21:30:00Z","2020-06-14T22:00:00Z",1.57,0.05,6.71,0.98,1800.00,0.20,0.02,0,359.51,2819.58,1800.00,5.13,1.25,1
"2020-06-14T22:00:00Z","2020-06-14T22:30:00Z",1.55,0.00,4.48,0.63,1791.00,0.10,0.02,0,27.19,3645.17,1791.00,5.30,1.43,1
"2020-06-14T22:30:00Z","2020-06-14T23:00:00Z",1.24,0.05,3.20,0.38,1800.00,0.07,0.01,0,37.99,1535.88,1800.00,4.84,0.92,1
"2020-06-14T23:00:00Z","2020-06-14T23:30:00Z",1.51,0.04,4.25,0.74,1800.00,0.09,0.02,0,71.76,1336.99,1800.00,4.79,0.86,0
"2020-06-14T23:30:00Z","2020-06-15T00:00:00Z",2.99,1.17,4.68,0.36,1800.00,0.10,0.01,0,76.88,149.18,1800.00,4.51,0.29,0
"2020-06-15T00:00:00Z","2020-06-15T00:30:00Z",1.76,0.26,3.24,0.29,1800.00,0.07,0.01,0,78.80,754.71,1800.00,4.66,0.65,0
"2020-06-15T00:30:00Z","2020-06-15T01:00:00Z",1.24,0.06,3.16,0.40,1800.00,0.07,0.01,0,64.01,2060.54,1800.00,4.96,1.07,1
"2020-06-15T01:00:00Z","2020-06-15T01:30:00Z",1.92,0.03,5.24,1.24,1800.00,0.12,0.03,0,332.57,2861.49,1800.00,5.13,1.26,1
"2020-06-15T01:30:00Z","2020-06-15T02:00:00Z",1.94,0.17,4.42,0.58,1800.00,0.10,0.02,0,339.44,575.64,1800.00,4.61,0.57,1
"2020-06-15T02:00:00Z","2020-06-15T02:30:00Z",1.55,0.16,3.63,0.39,1800.00,0.08,0.01,0,351.71,268.60,1800.00,4.54,0.39,1
"2020-06-15T02:30:00Z","2020-06-15T03:00:00Z",4.37,0.70,7.80,1.97,1793.00,0.26,0.03,0,276.33,506.32,1793.00,4.60,0.53,0
"2020-06-15T03:00:00Z","2020-06-15T03:30:00Z",3.35,1.28,6.37,1.00,1800.00,0.18,0.02,0,280.34,57.78,1800.00,4.49,0.18,0
"2020-06-15T03:30:00Z","2020-06-15T04:00:00Z",2.40,0.94,4.16,0.20,1800.00,0.09,0.01,0,282.96,99.09,1800.00,4.50,0.23,0
"2020-06-15T04:00:00Z","2020-06-15T04:30:00Z",1.69,0.58,2.99,0.20,1800.00,0.06,0.01,0,246.91,297.52,1800.00,4.55,0.41,0
"2020-06-15T04:30:00Z","2020-06-15T05:00:00Z",1.96,0.48,4.86,0.49,1800.00,0.10,0.02,0,235.69,1635.91,1800.00,4.86,0.95,0
"2020-06-15T05:00:00Z","2020-06-15T05:30:00Z",2.18,0.32,4.81,0.67,1800.00,0.10,0.02,0,288.56,509.54,1800.00,4.60,0.53,0
"2020-06-15T05:30:00Z","2020-06-15T06:00:00Z",2.54,0.41,4.04,0.31,1800.00,0.09,0.01,0,293.44,801.82,1800.00,4.67,0.67,0
"2020-06-15T06:00:00Z","2020-06-15T06:30:00Z",1.97,0.34,3.66,0.48,1800.00,0.08,0.02,0,63.34,412.38,1800.00,4.57,0.48,0
"2020-06-15T06:30:00Z","2020-06-15T07:00:00Z",0.71,0.00,1.94,0.13,1794.00,0.04,0.01,0,263.47,8447.27,1794.00,6.23,2.17,0
"2020-06-15T07:00:00Z","2020-06-15T07:30:00Z",1.78,0.61,2.91,0.40,1800.00,0.07,0.01,0,216.96,685.18,1800.00,4.64,0.62,0
"2020-06-15T07:30:00Z","2020-06-15T08:00:00Z",2.92,1.49,3.83,0.16,1800.00,0.08,0.01,0,202.66,14.64,1800.00,4.48,0.09,0
"2020-06-15T08:00:00Z","2020-06-15T08:30:00Z",3.06,2.17,3.56,0.03,1800.00,0.07,0.00,0,201.13,8.46,1800.00,4.47,0.07,0
"2020-06-15T08:30:00Z","2020-06-15T09:00:00Z",3.07,2.39,3.72,0.05,1800.00,0.08,0.01,0,214.36,57.94,1800.00,4.49,0.18,0
"2020-06-15T09:00:00Z","2020-06-15T09:30:00Z",2.85,1.96,3.73,0.10,1800.00,0.08,0.01,0,240.08,9.24,1800.00,4.47,0.07,0
"2020-06-15T09:30:00Z","2020-06-15T10:00:00Z",2.09,1.38,2.68,0.08,1800.00,0.06,0.01,0,240.07,565.95,1800.00,4.61,0.56,0
"2020-06-15T10:00:00Z","2020-06-15T10:30:00Z",3.06,2.07,3.67,0.16,1800.00,0.08,0.01,0,217.03,115.90,1800.00,4.50,0.25,0
"2020-06-15T10:30:00Z","2020-06-15T11:00:00Z",3.01,2.35,3.70,0.05,1800.00,0.08,0.01,0,203.31,10.86,1800.00,4.47,0.08,0
"2020-06-15T11:00:00Z","2020-06-15T11:30:00Z",2.61,1.69,3.47,0.10,1795.00,0.07,0.01,0,223.99,221.37,1795.00,4.53,0.35,0
"2020-06-15T11:30:00Z","2020-06-15T12:00:00Z",3.06,2.31,4.10,0.05,1800.00,0.08,0.01,0,238.75,100.11,1800.00,4.50,0.24,0
"2020-06-15T12:00:00Z","2020-06-15T12:30:00Z",3.41,2.69,4.84,0.12,1800.00,0.10,0.01,0,240.35,249.91,1800.00,4.53,0.37,0
"2020-06-15T12:30:00Z","2020-06-15T13:00:00Z",3.19,1.98,4.79,0.36,1800.00,0.10,0.01,0,240.08,160.36,1800.00,4.51,0.30,0
"2020-06-15T13:00:00Z","2020-06-15T13:30:00Z",2.84,1.67,3.77,0.09,1800.00,0.08,0.01,0,256.41,93.81,1800.00,4.50,0.23,0
"2020-06-15T13:30:00Z","2020-06-15T14:00:00Z",3.31,2.37,4.53,0.13,1800.00,0.09,0.01,0,254.14,36.95,1800.00,4.48,0.14,0
"2020-06-15T14:00:00Z","2020-06-15T14:30:00Z",2.98,1.91,3.90,0.11,1800.00,0.08,0.01,0,234.50,58.84,1800.00,4.49,0.18,0
"2020-06-15T14:30:00Z","2020-06-15T15:00:00Z",2.45,1.09,4.15,0.37,1800.00,0.09,0.01,0,251.02,76.55,1800.00,4.49,0.21,0
"2020-06-15T15:00:00Z","2020-06-15T15:30:00Z",2.64,1.51,3.68,0.14,1794.00,0.08,0.01,0,249.55,33.24,1794.00,4.48,0.14,0
"2020-06-15T15:30:00Z","2020-06-15T16:00:00Z",2.28,1.02,3.47,0.14,1800.00,0.07,0.01,0,254.29,80.34,1800.00,4.49,0.21,0
"2020-06-15T16:00:00Z","2020-06-15T16:30:00Z",2.22,0.99,3.38,0.18,1800.00,0.07,0.01,0,271.50,348.76,1800.00,4.56,0.44,0
"2020-06-15T16:30:00Z","2020-06-15T17:00:00Z",1.46,0.00,3.60,0.41,1800.00,0.08,0.02,0,333.30,3118.74,1800.00,5.19,1.32,0
"2020-06-15T17:00:00Z","2020-06-15T17:30:00Z",1.13,0.01,3.54,0.58,1800.00,0.08,0.02,0,94.28,5586.54,1800.00,5.69,1.76,0
"2020-06-15T17:30:00Z","2020-06-15T18:00:00Z",1.62,0.00,3.86,0.84,1800.00,0.09,0.02,0,75.93,5675.73,1800.00,5.71,1.78,0
"2020-06-15T18:00:00Z","2020-06-15T18:30:00Z",2.99,0.31,5.80,0.79,1800.00,0.15,0.02,0,69.69,609.87,1800.00,4.62,0.58,0
"2020-06-15T18:30:00Z","2020-06-15T19:00:00Z",2.82,0.10,6.01,0.80,1800.00,0.16,0.02,0,48.09,330.81,1800.00,4.55,0.43,1
"2020-06-15T19:00:00Z","2020-06-15T19:30:00Z",2.24,0.07,6.18,1.28,1800.00,0.17,0.03,0,32.10,761.58,1800.00,4.66,0.65,1
"2020-06-15T19:30:00Z","2020-06-15T20:00:00Z",2.84,0.09,7.72,1.83,1791.00,0.26,0.03,0,32.75,803.08,1791.00,4.67,0.67,1
"2020-06-15T20:00:00Z","2020-06-15T20:30:00Z",2.53,0.42,5.88,1.32,1800.00,0.16,0.03,0,29.64,314.67,1800.00,4.55,0.42,1
"2020-06-15T20:30:00Z","2020-06-15T21:00:00Z",2.28,0.22,5.39,0.91,1800.00,0.13,0.02,0,28.68,269.40,1800.00,4.54,0.39,1
"2020-06-15T21:00:00Z","2020-06-15T21:30:00Z",3.13,0.33,7.31,1.52,1800.00,0.23,0.03,0,37.84,274.16,1800.00,4.54,0.39,1
"2020-06-15T21:30:00Z","2020-06-15T22:00:00Z",2.82,0.58,5.77,0.82,1800.00,0.15,0.02,0,48.82,321.36,1800.00,4.55,0.42,1
"2020-06-15T22:00:00Z","2020-06-15T22:30:00Z",1.70,0.47,2.97,0.16,1800.00,0.06,0.01,0,128.19,1273.16,1800.00,4.78,0.84,0
"2020-06-15T22:30:00Z","2020-06-15T23:00:00Z",1.54,0.01,4.16,0.49,1800.00,0.09,0.02,0,161.04,1027.04,1800.00,4.72,0.76,0
"2020-06-15T23:00:00Z","2020-06-15T23:30:00Z",1.81,0.03,4.24,0.94,1800.00,0.10,0.02,0,50.86,4135.23,1800.00,5.40,1.52,1
"2020-06-15T23:30:00Z","2020-06-16T00:00:00Z",2.10,0.35,4.80,0.59,1791.00,0.10,0.02,0,80.04,790.88,1791.00,4.67,0.66,0
"2020-06-16T00:00:00Z","2020-06-16T00:30:00Z",1.48,0.00,4.45,0.82,1800.00,0.10,0.02,0,47.04,2762.92,1800.00,5.11,1.24,1
"2020-06-16T00:30:00Z","2020-06-16T01:00:00Z",1.56,0.04,5.00,0.79,1800.00,0.11,0.02,0,33.41,1307.73,1800.00,4.79,0.85,1
"2020-06-16T01:00:00Z","2020-06-16T01:30:00Z",2.13,0.03,5.56,1.39,1800.00,0.14,0.03,0,331.22,1700.50,1800.00,4.88,0.97,0
"2020-06-16T01:30:00Z","2020-06-16T02:00:00Z",2.04,0.17,5.38,0.83,1800.00,0.13,0.02,0,349.50,849.70,1800.00,4.68,0.69,1
"2020-06-16T02:00:00Z","2020-06-16T02:30:00Z",1.31,0.12,4.16,0.48,1800.00,0.09,0.02,0,351.46,946.90,1800.00,4.70,0.73,1
"2020-06-16T02:30:00Z","2020-06-16T03:00:00Z",1.62,0.14,4.28,1.00,1800.00,0.10,0.02,0,306.94,981.36,1800.00,4.71,0.74,0
"2020-06-16T03:00:00Z","2020-06-16T03:30:00Z",1.95,0.21,4.21,0.78,1800.00,0.09,0.02,0,315.63,3388.28,1800.00,5.25,1.37,1
"2020-06-16T03:30:00Z","2020-06-16T04:00:00Z",2.10,0.09,4.81,0.61,1792.00,0.10,0.02,0,304.88,1672.64,1792.00,4.87,0.97,1
"2020-06-16T04:00:00Z","2020-06-16T04:30:00Z",1.96,0.32,4.98,0.99,1800.00,0.11,0.02,0,272.80,777.23,1800.00,4.66,0.66,0
"2020-06-16T04:30:00Z","2020-06-16T05:00:00Z",4.17,0.34,8.09,1.88,1800.00,0.27,0.03,0,134.27,1442.83,1800.00,4.82,0.90,0
"2020-06-16T05:00:00Z","2020-06-16T05:30:00Z",3.48,1.77,5.41,0.39,1800.00,0.13,0.01,0,181.96,65.80,1800.00,4.49,0.19,0
"2020-06-16T05:30:00Z","2020-06-16T06:00:00Z",1.91,0.79,3.35,0.21,1800.00,0.07,0.01,0,121.00,1972.11,1800.00,4.94,1.05,0
"2020-06-16T06:00:00Z","2020-06-16T06:30:00Z",2.73,0.98,4.35,0.44,1800.00,0.09,0.02,0,160.76,534.67,1800.00,4.60,0.55,0
"2020-06-16T06:30:00Z","2020-06-16T07:00:00Z",2.72,1.20,4.04,0.27,1800.00,0.09,0.01,0,232.30,443.37,1800.00,4.58,0.50,0
"2020-06-16T07:00:00Z","2020-06-16T07:30:00Z",2.68,1.54,4.24,0.21,1800.00,0.09,0.01,0,239.17,79.99,1800.00,4.49,0.21,0
"2020-06-16T07:30:00Z","2020-06-16T08:00:00Z",3.17,2.14,4.32,0.11,1800.00,0.09,0.01,0,248.55,17.50,1800.00,4.48,0.10,0
"2020-06-16T08:00:00Z","2020-06-16T08:30:00Z",2.65,1.74,4.11,0.26,1794.00,0.09,0.01,0,245.55,81.70,1794.00,4.49,0.21,0
"2020-06-16T08:30:00Z","2020-06-16T09:00:00Z",2.73,1.54,4.01,0.18,1800.00,0.08,0.01,0,256.45,100.68,1800.00,4.50,0.24,0
"2020-06-16T09:00:00Z","2020-06-16T09:30:00Z",1.73,0.46,3.40,0.29,1800.00,0.07,0.01,0,204.46,538.37,1800.00,4.60,0.55,0
"2020-06-16T09:30:00Z","2020-06-16T10:00:00Z",1.14,0.14,2.42,0.28,1800.00,0.06,0.01,0,232.07,531.29,1800.00,4.60,0.54,0
"2020-06-16T10:00:00Z","2020-06-16T10:30:00Z",0.87,0.19,2.43,0.16,1800.00,0.05,0.01,0,227.93,917.78,1800.00,4.69,0.71,0
"2020-06-16T10:30:00Z","2020-06-16T11:00:00Z",1.65,0.38,2.72,0.40,1800.00,0.06,0.01,0,195.35,546.56,1800.00,4.61,0.55,0
"2020-06-16T11:00:00Z","2020-06-16T11:30:00Z",1.75,0.92,2.64,0.18,1800.00,0.06,0.01,0,178.09,170.79,1800.00,4.51,0.31,0
"2020-06-16T11:30:00Z","2020-06-16T12:00:00Z",1.39,0.43,2.32,0.13,1800.00,0.05,0.01,0,211.30,1304.22,1800.00,4.79,0.85,0
"2020-06-16T12:00:00Z","2020-06-16T12:30:00Z",1.08,0.11,2.73,0.36,1789.00,0.06,0.01,0,297.56,6086.83,1789.00,5.80,1.84,0
"2020-06-16T12:30:00Z","2020-06-16T13:00:00Z",0.95,0.11,2.80,0.24,1800.00,0.06,0.01,0,136.04,3050.37,1800.00,5.17,1.30,0
"2020-06-16T13:00:00Z","2020-06-16T13:30:00Z",1.07,0.31,2.11,0.11,1800.00,0.05,0.01,0,173.39,844.29,1800.00,4.68,0.68,0
"2020-06-16T13:30:00Z","2020-06-16T14:00:00Z",0.73,0.08,2.13,0.14,1800.00,0.05,0.01,0,350.45,10333.25,1800.00,6.55,2.40,0
"2020-06-16T14:00:00Z","2020-06-16T14:30:00Z",0.75,0.02,4.15,0.40,1800.00,0.09,0.01,0,357.20,3637.75,1800.00,5.30,1.42,1
"2020-06-16T14:30:00Z","2020-06-16T15:00:00Z",0.85,0.02,2.20,0.18,1800.00,0.05,0.01,0,42.88,404.11,1800.00,4.57,0.47,1
"2020-06-16T15:00:00Z","2020-06-16T15:30:00Z",0.75,0.02,1.89,0.12,1800.00,0.04,0.01,0,35.32,2439.72,1800.00,5.04,1.16,1
"2020-06-16T15:30:00Z","2020-06-16T16:00:00Z",0.86,0.01,2.75,0.24,1800.00,0.06,0.01,0,346.38,1258.89,1800.00,4.77,0.84,1
"2020-06-16T16:00:00Z","2020-06-16T16:30:00Z",1.95,0.13,3.59,0.45,1800.00,0.08,0.02,0,43.49,394.89,1800.00,4.57,0.47,1
"2020-06-16T16:30:00Z","2020-06-16T17:00:00Z",2.05,0.20,4.05,0.78,1791.00,0.09,0.02,0,41.97,835.31,1791.00,4.68,0.68,1
"2020-06-16T17:00:00Z","2020-06-16T17:30:00Z",1.81,0.04,4.36,0.60,1800.00,0.10,0.02,0,65.38,1392.28,1800.00,4.81,0.88,0
"2020-06-16T17:30:00Z","2020-06-16T18:00:00Z",1.55,0.04,3.54,0.57,1800.00,0.08,0.02,0,119.13,2328.39,1800.00,5.02,1.14,0
"2020-06-16T18:00:00Z","2020-06-16T18:30:00Z",1.69,0.04,3.82,0.58,1800.00,0.09,0.02,0,218.33,3388.07,1800.00,5.25,1.37,0
"2020-06-16T18:30:00Z","2020-06-16T19:00:00Z",1.82,0.11,4.25,0.43,1800.00,0.09,0.02,0,262.29,1640.00,1800.00,4.86,0.95,0
"2020-06-16T19:00:00Z","2020-06-16T19:30:00Z",2.70,0.52,7.17,1.17,1800.00,0.22,0.03,0,211.31,423.46,1800.00,4.58,0.49,0
"2020-06-16T19:30:00Z","2020-06-16T20:00:00Z",3.01,0.09,7.78,1.22,1800.00,0.26,0.03,0,223.41,1990.89,1800.00,4.94,1.05,0
"2020-06-16T20:00:00Z","2020-06-16T20:30:00Z",2.49,0.13,6.99,1.49,1800.00,0.22,0.03,0,204.89,1170.04,1800.00,4.75,0.81,0
"2020-06-16T20:30:00Z","2020-06-16T21:00:00Z",2.41,0.06,5.70,1.66,1793.00,0.15,0.03,0,259.78,2505.43,1793.00,5.06,1.18,0
"2020-06-16T21:00:00Z","2020-06-16T21:30:00Z",2.19,0.02,6.64,1.28,1800.00,0.20,0.03,0,207.05,4462.88,1800.00,5.47,1.57,0
"2020-06-16T21:30:00Z","2020-06-16T22:00:00Z",2.11,0.17,5.19,1.10,1800.00,0.12,0.02,0,270.90,2412.38,1800.00,5.04,1.16,0
"2020-06-16T22:00:00Z","2020-06-16T22:30:00Z",1.70,0.09,4.52,0.58,1800.00,0.10,0.02,0,176.61,2996.40,1800.00,5.16,1.29,0
"2020-06-16T22:30:00Z","2020-06-16T23:00:00Z",3.99,0.86,7.40,1.64,1800.00,0.24,0.03,0,299.43,666.10,1800.00,4.63,0.61,0
"2020-06-16T23:00:00Z","2020-06-16T23:30:00Z",3.19,0.43,6.11,0.99,1800.00,0.17,0.02,0,326.34,543.45,1800.00,4.61,0.55,1
"2020-06-16T23:30:00Z","2020-06-17T00:00:00Z",2.06,0.09,5.25,1.27,1800.00,0.13,0.03,0,33.23,489.37,1800.00,4.59,0.52,1
"2020-06-17T00:00:00Z","2020-06-17T00:30:00Z",2.82,0.73,5.38,0.75,1800.00,0.13,0.02,0,79.01,250.06,1800.00,4.53,0.37,0
"2020-06-17T00:30:00Z","2020-06-17T01:00:00Z",1.20,0.02,3.21,0.25,1788.00,0.07,0.01,0,80.46,5008.82,1788.00,5.59,1.67,0
"2020-06-17T01:00:00Z","2020-06-17T01:30:00Z",3.45,0.27,6.85,1.60,1800.00,0.21,0.03,0,313.91,355.97,1800.00,4.56,0.44,0
"2020-06-17T01:30:00Z","2020-06-17T02:00:00Z",1.88,0.05,4.30,0.70,1800.00,0.10,0.02,0,21.32,1127.21,1800.00,4.74,0.79,1
"2020-06-17T02:00:00Z","2020-06-17T02:30:00Z",2.53,0.01,7.00,2.89,1800.00,0.22,0.04,0,126.78,8142.03,1800.00,6.17,2.13,1
"2020-06-17T02:30:00Z","2020-06-17T03:00:00Z",5.05,1.92,8.30,1.07,1800.00,0.28,0.02,0,178.30,149.17,1800.00,4.51,0.29,0
"2020-06-17T03:00:00Z","2020-06-17T03:30:00Z",4.76,1.37,8.67,1.42,1800.00,0.30,0.03,0,183.63,170.13,1800.00,4.51,0.31,0
"2020-06-17T03:30:00Z","2020-06-17T04:00:00Z",4.29,1.24,7.68,1.44,1800.00,0.25,0.03,0,180.31,195.85,1800.00,4.52,0.33,0
"2020-06-17T04:00:00Z","2020-06-17T04:30:00Z",5.24,2.32,8.96,1.29,1800.00,0.32,0.03,0,180.55,105.27,1800.00,4.50,0.24,0
"2020-06-17T04:30:00Z","2020-06-17T05:00:00Z",5.24,2.24,9.82,1.55,1800.00,0.37,0.03,0,182.16,95.49,1800.00,4.50,0.23,0
"2020-06-17T05:00:00Z","2020-06-17T05:30:00Z",5.43,2.81,8.40,1.12,1792.00,0.29,0.02,0,174.78,75.96,1792.00,4.49,0.21,0
"2020-06-17T05:30:00Z","2020-06-17T06:00:00Z",4.74,1.44,9.27,1.81,1800.00,0.34,0.03,0,171.06,67.86,1800.00,4.49,0.19,0
"2020-06-17T06:00:00Z","2020-06-17T06:30:00Z",4.40,2.08,6.91,0.90,1800.00,0.21,0.02,0,158.11,81.21,1800.00,4.49,0.21,0
"2020-06-17T06:30:00Z","2020-06-17T07:00:00Z",3.89,1.89,6.77,0.63,1800.00,0.20,0.02,0,153.16,90.84,1800.00,4.49,0.22,0
"2020-06-17T07:00:00Z","2020-06-17T07:30:00Z",3.43,1.81,5.00,0.30,1800.00,0.10,0.01,0,155.47,120.28,1800.00,4.50,0.26,0
"2020-06-17T07:30:00Z","2020-06-17T08:00:00Z",2.59,0.82,4.34,0.62,1800.00,0.10,0.02,0,170.28,459.16,1800.00,4.58,0.51,0
"2020-06-17T08:00:00Z","2020-06-17T08:30:00Z",1.32,0.05,4.54,0.90,1800.00,0.10,0.02,0,155.27,2315.33,1800.00,5.01,1.13,0
"2020-06-17T08:30:00Z","2020-06-17T09:00:00Z",2.92,0.33,5.46,0.78,1800.00,0.13,0.02,0,184.33,764.97,1800.00,4.66,0.65,0
"2020-06-17T09:00:00Z","2020-06-17T09:30:00Z",3.35,1.88,5.44,0.39,1793.00,0.13,0.01,0,171.40,332.57,1793.00,4.55,0.43,0
"2020-06-17T09:30:00Z","2020-06-17T10:00:00Z",4.05,2.10,5.40,0.30,1800.00,0.12,0.01,0,157.75,130.96,1800.00,4.50,0.27,0
"2020-06-17T10:00:00Z","2020-06-17T10:30:00Z",4.65,3.09,6.30,0.26,1800.00,0.17,0.01,0,149.89,68.45,1800.00,4.49,0.20,0
"2020-06-17T10:30:00Z","2020-06-17T11:00:00Z",4.25,2.73,6.02,0.23,1800.00,0.16,0.01,0,158.03,63.82,1800.00,4.49,0.19,0
"2020-06-17T11:00:00Z","2020-06-17T11:30:00Z",4.45,2.43,7.12,0.64,1800.00,0.22,0.02,0,179.31,55.69,1800.00,4.49,0.18,0
"2020-06-17T11:30:00Z","2020-06-17T12:00:00Z",4.72,2.10,8.95,0.76,1800.00,0.32,0.02,0,172.51,130.95,1800.00,4.50,0.27,0
"2020-06-17T12:00:00Z","2020-06-17T12:30:00Z",4.53,2.48,7.26,0.58,1800.00,0.23,0.02,0,170.90,67.54,1800.00,4.49,0.19,0
"2020-06-17T12:30:00Z","2020-06-17T13:00:00Z",5.10,2.81,7.43,0.46,1800.00,0.23,0.02,0,158.03,27.86,1800.00,4.48,0.12,0
"2020-06-17T13:00:00Z","2020-06-17T13:30:00Z",4.58,1.77,8.33,0.75,1800.00,0.28,0.02,0,146.65,93.80,1800.00,4.50,0.23,0
"2020-06-17T13:30:00Z","2020-06-17T14:00:00Z",2.88,0.21,7.89,2.30,1793.00,0.27,0.04,0,104.85,1566.58,1793.00,4.85,0.93,1
"2020-06-17T14:00:00Z","2020-06-17T14:30:00Z",1.94,0.09,4.83,0.77,1800.00,0.11,0.02,0,72.15,1021.66,1800.00,4.72,0.75,0
"2020-06-17T14:30:00Z","2020-06-17T15:00:00Z",2.67,0.43,7.56,1.05,1800.00,0.24,0.02,0,73.94,1414.59,1800.00,4.81,0.89,0
"2020-06-17T15:00:00Z","2020-06-17T15:30:00Z",3.83,0.38,7.65,1.26,1800.00,0.25,0.03,0,127.03,1294.31,1800.00,4.78,0.85,0
"2020-06-17T15:30:00Z","2020-06-17T16:00:00Z",3.83,1.00,10.61,2.25,1800.00,0.41,0.04,0,105.60,1141.08,1800.00,4.75,0.80,0
"2020-06-17T16:00:00Z","2020-06-17T16:30:00Z",5.69,2.18,9.89,1.64,1800.00,0.37,0.03,0,126.04,139.81,1800.00,4.51,0.28,0
"2020-06-17T16:30:00Z","2020-06-17T17:00:00Z",5.20,2.18,10.44,2.12,1800.00,0.40,0.03,0,146.20,317.30,1800.00,4.55,0.42,0
"2020-06-17T17:00:00Z","2020-06-17T17:30:00Z",5.80,2.33,10.42,1.80,1800.00,0.40,0.03,0,162.15,143.23,1800.00,4.51,0.28,0
"2020-06-17T17:30:00Z","2020-06-17T18:00:00Z",6.20,2.99,11.66,1.88,1793.00,0.47,0.03,0,149.96,125.56,1793.00,4.50,0.26,0
"2020-06-17T18:00:00Z","2020-06-17T18:30:00Z",6.38,2.73,11.63,2.13,1800.00,0.46,0.03,0,160.77,159.16,1800.00,4.51,0.30,0
"2020-06-17T18:30:00Z","2020-06-17T19:00:00Z",5.98,2.03,11.04,1.82,1800.00,0.43,0.03,0,157.28,282.86,1800.00,4.54,0.40,0
"2020-06-17T19:00:00Z","2020-06-17T19:30:00Z",5.05,1.39,8.54,1.41,1800.00,0.30,0.03,0,138.21,212.87,1800.00,4.52,0.34,0
"2020-06-17T19:30:00Z","2020-06-17T20:00:00Z",5.93,2.37,10.92,2.45,1800.00,0.43,0.04,0,152.46,310.57,1800.00,4.55,0.42,0
"2020-06-17T20:00:00Z","2020-06-17T20:30:00Z",7.00,3.20,11.37,1.99,1800.00,0.45,0.03,0,158.71,139.53,1800.00,4.51,0.28,0
"2020-06-17T20:30:00Z","2020-06-17T21:00:00Z",5.53,2.05,9.57,1.72,1800.00,0.35,0.03,0,148.86,375.16,1800.00,4.56,0.46,0
"2020-06-17T21:00:00Z","2020-06-17T21:30:00Z",6.18,2.55,12.05,2.47,1800.00,0.49,0.04,0,156.59,300.62,1800.00,4.55,0.41,0
"2020-06-17T21:30:00Z","2020-06-17T22:00:00Z",7.08,2.79,13.18,2.82,1800.00,0.57,0.04,0,165.73,164.94,1800.00,4.51,0.30,0
"2020-06-17T22:00:00Z","2020-06-17T22:30:00Z",6.66,2.32,12.17,2.95,1789.00,0.50,0.04,0,160.44,225.99,1789.00,4.53,0.36,0
"2020-06-17T22:30:00Z","2020-06-17T23:00:00Z",7.74,3.65,13.31,2.73,1800.00,0.58,0.04,0,158.82,143.16,1800.00,4.51,0.28,0
"2020-06-17T23:00:00Z","2020-06-17T23:30:00Z",7.29,2.74,12.84,3.39,1800.00,0.55,0.04,0,159.05,143.28,1800.00,4.51,0.28,0
"2020-06-17T23:30:00Z","2020-06-18T00:00:00Z",7.06,2.83,12.26,2.30,1800.00,0.50,0.04,0,171.84,195.43,1800.00,4.52,0.33,0
"2020-06-18T00:00:00Z","2020-06-18T00:30:00Z",6.38,1.43,11.46,2.80,1800.00,0.46,0.04,0,174.27,318.43,1800.00,4.55,0.42,0
"2020-06-18T00:30:00Z","2020-06-18T01:00:00Z",4.09,0.53,10.36,2.71,1800.00,0.40,0.04,0,164.87,878.75,1800.00,4.69,0.70,0
"2020-06-18T01:00:00Z","2020-06-18T01:30:00Z",6.27,1.23,12.62,3.20,1800.00,0.53,0.04,0,164.72,304.74,1800.00,4.55,0.41,0
"2020-06-18T01:30:00Z","2020-06-18T02:00:00Z",6.77,2.51,12.15,2.81,1800.00,0.50,0.04,0,170.44,153.58,1800.00,4.51,0.29,0
"2020-06-18T02:00:00Z","2020-06-18T02:30:00Z",6.49,2.67,12.26,1.95,1790.00,0.50,0.03,0,169.14,175.06,1790.00,4.52,0.31,0
"2020-06-18T02:30:00Z","2020-06-18T03:00:00Z",6.89,2.31,11.93,2.93,1800.00,0.48,0.04,0,164.75,274.59,1800.00,4.54,0.39,0
"2020-06-18T03:00:00Z","2020-06-18T03:30:00Z",6.65,3.33,11.36,1.89,1800.00,0.45,0.03,0,156.50,147.84,1800.00,4.51,0.29,0
"2020-06-18T03:30:00Z","2020-06-18T04:00:00Z",6.73,2.79,12.13,2.46,1800.00,0.50,0.04,0,160.61,95.53,1800.00,4.50,0.23,0
"2020-06-18T04:00:00Z","2020-06-18T04:30:00Z",6.23,2.20,11.02,2.37,1800.00,0.43,0.04,0,168.62,78.58,1800.00,4.49,0.21,0
"2020-06-18T04:30:00Z","2020-06-18T05:00:00Z",6.17,2.79,10.72,1.86,1800.00,0.41,0.03,0,168.67,102.04,1800.00,4.50,0.24,0
"2020-06-18T05:00:00Z","2020-06-18T05:30:00Z",5.20,2.48,10.35,1.48,1800.00,0.39,0.03,0,168.80,90.36,1800.00,4.49,0.22,0
"2020-06-18T05:30:00Z","2020-06-18T06:00:00Z",4.97,2.01,8.90,1.85,1800.00,0.32,0.03,0,164.86,226.89,1800.00,4.53,0.36,0
"2020-06-18T06:00:00Z","2020-06-18T06:30:00Z",4.95,1.93,10.49,1.96,1792.00,0.40,0.03,0,163.19,131.00,1792.00,4.50,0.27,0
"2020-06-18T06:30:00Z","2020-06-18T07:00:00Z",5.24,2.17,10.35,1.83,1800.00,0.39,0.03,0,163.28,106.33,1800.00,4.50,0.24,0
"2020-06-18T07:00:00Z","2020-06-18T07:30:00Z",6.16,2.05,11.76,2.92,1800.00,0.47,0.04,0,165.22,75.74,1800.00,4.49,0.21,0
"2020-06-18T07:30:00Z","2020-06-18T08:00:00Z",1.98,0.18,5.58,1.33,1800.00,0.14,0.03,0,102.09,2730.92,1800.00,5.11,1.23,0
"2020-06-18T08:00:00Z","2020-06-18T08:30:00Z",3.03,0.31,8.34,2.95,1800.00,0.29,0.04,0,130.76,859.72,1800.00,4.68,0.69,0
"2020-06-18T08:30:00Z","2020-06-18T09:00:00Z",3.55,1.45,8.32,1.24,1800.00,0.28,0.03,0,122.86,730.62,1800.00,4.65,0.64,0
"2020-06-18T09:00:00Z","2020-06-18T09:30:00Z",1.92,0.11,4.18,0.89,1800.00,0.10,0.02,0,44.15,733.32,1800.00,4.65,0.64,1
"2020-06-18T09:30:00Z","2020-06-18T10:00:00Z",1.27,0.01,2.76,0.59,1800.00,0.07,0.02,0,248.94,2910.45,1800.00,5.14,1.27,0
"2020-06-18T10:00:00Z","2020-06-18T10:30:00Z",2.14,0.57,3.95,0.47,1800.00,0.09,0.02,0,275.21,748.92,1800.00,4.65,0.65,0
"2020-06-18T10:30:00Z","2020-06-18T11:00:00Z",1.32,0.03,3.53,0.62,1791.00,0.08,0.02,0,158.03,8336.99,1791.00,6.21,2.16,0
"2020-06-18T11:00:00Z","2020-06-18T11:30:00Z",1.47,0.40,3.16,0.23,1800.00,0.07,0.01,0,255.72,717.42,1800.00,4.65,0.63,0
"2020-06-18T11:30:00Z","2020-06-18T12:00:00Z",0.79,0.01,2.78,0.26,1800.00,0.06,0.01,0,259.92,2696.41,1800.00,5.10,1.22,0
"2020-06-18T12:00:00Z","2020-06-18T12:30:00Z",0.96,0.04,3.05,0.46,1800.00,0.07,0.02,0,254.43,3232.12,1800.00,5.21,1.34,0
"2020-06-18T12:30:00Z","2020-06-18T13:00:00Z",1.91,0.40,3.50,0.23,1800.00,0.07,0.01,0,261.14,816.80,1800.00,4.67,0.67,0
"2020-06-18T13:00:00Z","2020-06-18T13:30:00Z",1.31,0.11,2.60,0.32,1800.00,0.06,0.01,0,223.51,1704.96,1800.00,4.88,0.97,0
"2020-06-18T13:30:00Z","2020-06-18T14:00:00Z",1.48,0.02,2.89,0.39,1800.00,0.07,0.01,0,235.82,1473.32,1800.00,4.82,0.90,0
"2020-06-18T14:00:00Z","2020-06-18T14:30:00Z",2.15,1.19,2.96,0.09,1800.00,0.06,0.01,0,237.07,125.99,1800.00,4.50,0.26,0
"2020-06-18T14:30:00Z","2020-06-18T15:00:00Z",1.69,0.53,3.10,0.25,1793.00,0.07,0.01,0,253.38,257.28,1793.00,4.54,0.38,0
"2020-06-18T15:00:00Z","2020-06-18T15:30:00Z",1.29,0.42,2.42,0.13,1798.00,0.05,0.01,0,236.52,977.04,1798.00,4.71,0.74,0
"2020-06-18T15:30:00Z","2020-06-18T16:00:00Z",1.36,0.07,3.28,0.28,1800.00,0.07,0.01,0,293.18,616.60,1800.00,4.62,0.59,0
"2020-06-18T16:00:00Z","2020-06-18T16:30:00Z",0.85,0.04,2.55,0.17,1800.00,0.06,0.01,0,186.13,3965.56,1800.00,5.37,1.48,0
"2020-06-18T16:30:00Z","2020-06-18T17:00:00Z",0.86,0.01,1.95,0.15,1800.00,0.04,0.01,0,208.93,3140.11,1800.00,5.19,1.32,0
"2020-06-18T17:00:00Z","2020-06-18T17:30:00Z",1.47,0.01,4.18,0.59,1800.00,0.09,0.02,0,252.39,2890.09,1800.00,5.14,1.27,0
"2020-06-18T17:30:00Z","2020-06-18T18:00:00Z",1.70,0.03,4.60,0.77,1800.00,0.10,0.02,0,312.25,1311.15,1800.00,4.79,0.85,0
"2020-06-18T18:00:00Z","2020-06-18T18:30:00Z",1.72,0.04,5.63,0.95,1800.00,0.14,0.02,0,279.72,2677.67,1800.00,5.09,1.22,0
"2020-06-18T18:30:00Z","2020-06-18T19:00:00Z",2.22,0.05,5.10,1.16,1800.00,0.12,0.03,0,303.46,1853.00,1800.00,4.91,1.01,0
"2020-06-18T19:00:00Z","2020-06-18T19:30:00Z",2.20,0.26,5.20,0.75,1791.00,0.12,0.02,0,314.26,977.38,1791.00,4.71,0.74,0
"2020-06-18T19:30:00Z","2020-06-18T20:00:00Z",1.53,0.07,4.49,0.66,1800.00,0.10,0.02,0,10.21,4177.22,1800.00,5.41,1.52,0
"2020-06-18T20:00:00Z","2020-06-18T20:30:00Z",1.54,0.10,3.91,0.66,1800.00,0.09,0.02,0,38.67,2608.13,1800.00,5.08,1.20,1
"2020-06-18T20:30:00Z","2020-06-18T21:00:00Z",2.06,0.10,5.97,1.09,1800.00,0.16,0.02,0,332.97,960.00,1800.00,4.70,0.73,1
"2020-06-18T21:00:00Z","2020-06-18T21:30:00Z",1.83,0.11,4.83,0.86,1800.00,0.11,0.02,0,329.18,4350.14,1800.00,5.45,1.55,0
"2020-06-18T21:30:00Z","2020-06-18T22:00:00Z",1.47,0.01,6.76,0.79,1800.00,0.20,0.02,0,131.45,9735.63,1800.00,6.45,2.33,0
"2020-06-18T22:00:00Z","2020-06-18T22:30:00Z",1.69,0.05,4.79,0.99,1800.00,0.11,0.02,0,100.54,8658.26,1800.00,6.26,2.19,1
"2020-06-18T22:30:00Z","2020-06-18T23:00:00Z",1.53,0.15,4.42,0.51,1800.00,0.10,0.02,0,35.49,3020.78,1800.00,5.17,1.30,1
"2020-06-18T23:00:00Z","2020-06-18T23:30:00Z",1.21,0.03,3.59,0.36,1790.00,0.08,0.01,0,333.91,8938.26,1790.00,6.32,2.23,1
"2020-06-18T23:30:00Z","2020-06-19T00:00:00Z",1.82,0.05,6.82,0.88,1800.00,0.20,0.02,0,358.60,3878.44,1800.00,5.35,1.47,1
"2020-06-19T00:00:00Z","2020-06-19T00:30:00Z",2.18,0.12,5.30,1.09,1800.00,0.13,0.02,0,30.20,822.16,1800.00,4.67,0.68,1
"2020-06-19T00:30:00Z","2020-06-19T01:00:00Z",1.93,0.23,5.10,0.83,1800.00,0.11,0.02,0,40.13,1461.85,1800.00,4.82,0.90,1
"2020-06-19T01:00:00Z","2020-06-19T01:30:00Z",3.04,0.19,5.99,1.32,1800.00,0.16,0.03,0,58.07,700.72,1800.00,4.64,0.62,0
"2020-06-19T01:30:00Z","2020-06-19T02:00:00Z",1.23,0.00,3.89,0.50,1800.00,0.09,0.02,0,342.63,3687.88,1800.00,5.31,1.43,1
"2020-06-19T02:00:00Z","2020-06-19T02:30:00Z",1.45,0.03,5.00,0.66,1800.00,0.11,0.02,0,65.06,3201.32,1800.00,5.21,1.33,1
"2020-06-19T02:30:00Z","2020-06-19T03:00:00Z",1.13,0.04,3.46,0.36,1800.00,0.08,0.01,0,359.47,2295.86,1800.00,5.01,1.13,1
"2020-06-19T03:00:00Z","2020-06-19T03:30:00Z",0.73,0.04,2.06,0.13,1789.00,0.05,0.01,0,61.61,4498.41,1789.00,5.48,1.59,1
"2020-06-19T03:30:00Z","2020-06-19T04:00:00Z",0.63,0.02,2.67,0.22,1800.00,0.06,0.01,0,9.63,5451.90,1800.00,5.67,1.74,1
"2020-06-19T04:00:00Z","2020-06-19T04:30:00Z",1.30,0.18,2.86,0.28,1800.00,0.06,0.01,0,41.28,1006.01,1800.00,4.72,0.75,1
"2020-06-19T04:30:00Z","2020-06-19T05:00:00Z",2.54,1.12,4.35,0.54,1800.00,0.09,0.02,0,101.35,413.20,1800.00,4.57,0.48,0
"2020-06-19T05:00:00Z","2020-06-19T05:30:00Z",2.08,0.95,3.38,0.18,1800.00,0.07,0.01,0,149.64,93.07,1800.00,4.50,0.23,0
"2020-06-19T05:30:00Z","2020-06-19T06:00:00Z",1.79,0.70,2.97,0.14,1800.00,0.06,0.01,0,153.91,200.59,1800.00,4.52,0.33,0
"2020-06-19T06:00:00Z","2020-06-19T06:30:00Z",2.17,1.45,2.81,0.04,1800.00,0.06,0.00,0,170.79,45.88,1800.00,4.48,0.16,0
"2020-06-19T06:30:00Z","2020-06-19T07:00:00Z",1.69,0.10,2.48,0.19,1800.00,0.05,0.01,0,199.39,2428.01,1800.00,5.04,1.16,0
"2020-06-19T07:00:00Z","2020-06-19T07:30:00Z",1.99,0.01,3.67,0.91,1800.00,0.09,0.02,0,152.82,1767.38,1800.00,4.89,0.99,0
"2020-06-19T07:30:00Z","2020-06-19T08:00:00Z",2.97,1.63,4.06,0.16,1793.00,0.08,0.01,0,164.99,57.01,1793.00,4.49,0.18,0
"2020-06-19T08:00:00Z","2020-06-19T08:30:00Z",2.20,0.77,4.05,0.37,1800.00,0.09,0.01,0,201.40,505.24,1800.00,4.60,0.53,0
"2020-06-19T08:30:00Z","2020-06-19T09:00:00Z",0.77,0.26,2.32,0.16,1800.00,0.05,0.01,0,156.80,3462.31,1800.00,5.26,1.39,0
"2020-06-19T09:00:00Z","2020-06-19T09:30:00Z",1.07,0.22,2.20,0.26,1800.00,0.05,0.01,0,178.25,796.35,1800.00,4.67,0.67,0
"2020-06-19T09:30:00Z","2020-06-19T10:00:00Z",2.03,1.04,2.86,0.07,1800.00,0.06,0.01,0,213.23,69.14,1800.00,4.49,0.20,0
"2020-06-19T10:00:00Z","2020-06-19T10:30:00Z",2.17,1.24,3.06,0.09,1800.00,0.06,0.01,0,251.20,77.55,1800.00,4.49,0.21,0
"2020-06-19T10:30:00Z","2020-06-19T11:00:00Z",3.03,1.98,4.36,0.14,1800.00,0.09,0.01,0,260.65,34.80,1800.00,4.48,0.14,0
"2020-06-19T11:00:00Z","2020-06-19T11:30:00Z",3.95,2.21,5.95,0.53,1800.00,0.16,0.02,0,273.07,92.46,1800.00,4.50,0.23,0
"2020-06-19T11:30:00Z","2020-06-19T12:00:00Z",3.66,1.96,5.34,0.31,1797.00,0.12,0.01,0,268.83,71.86,1797.00,4.49,0.20,0
"2020-06-19T12:00:00Z","2020-06-19T12:30:00Z",3.55,2.22,5.24,0.27,1797.00,0.12,0.01,0,268.64,27.05,1797.00,4.48,0.12,0
"2020-06-19T12:30:00Z","2020-06-19T13:00:00Z",3.85,1.74,5.66,0.35,1800.00,0.14,0.01,0,271.26,43.96,1800.00,4.48,0.16,0
"2020-06-19T13:00:00Z","2020-06-19T13:30:00Z",3.67,2.19,5.79,0.29,1800.00,0.15,0.01,0,269.44,52.94,1800.00,4.49,0.17,0
"2020-06-19T13:30:00Z","2020-06-19T14:00:00Z",3.15,1.80,5.00,0.23,1800.00,0.10,0.01,0,276.67,76.35,1800.00,4.49,0.21,0
"2020-06-19T14:00:00Z","2020-06-19T14:30:00Z",2.81,1.45,4.69,0.27,1800.00,0.10,0.01,0,283.41,48.10,1800.00,4.48,0.16,0
"2020-06-19T14:30:00Z","2020-06-19T15:00:00Z",2.67,1.50,4.37,0.18,1800.00,0.09,0.01,0,280.81,35.78,1800.00,4.48,0.14,0
"2020-06-19T15:00:00Z","2020-06-19T15:30:00Z",2.91,1.46,4.37,0.23,1800.00,0.09,0.01,0,280.65,40.36,1800.00,4.48,0.15,0
"2020-06-19T15:30:00Z","2020-06-19T16:00:00Z",2.40,0.88,3.75,0.21,1800.00,0.08,0.01,0,282.95,86.71,1800.00,4.49,0.22,0
"2020-06-19T16:00:00Z","2020-06-19T16:30:00Z",1.44,0.24,3.36,0.31,1791.00,0.07,0.01,0,278.22,195.33,1791.00,4.52,0.33,0
"2020-06-19T16:30:00Z","2020-06-19T17:00:00Z",0.90,0.24,1.72,0.06,1800.00,0.04,0.01,0,272.79,547.42,1800.00,4.61,0.55,0
"2020-06-19T17:00:00Z","2020-06-19T17:30:00Z",0.80,0.13,1.59,0.05,1800.00,0.04,0.01,0,259.58,237.72,1800.00,4.53,0.36,0
"2020-06-19T17:30:00Z","2020-06-19T18:00:00Z",0.59,0.10,1.40,0.04,1800.00,0.03,0.00,0,283.21,937.86,1800.00,4.70,0.72,0
"2020-06-19T18:00:00Z","2020-06-19T18:30:00Z",1.19,0.29,2.17,0.14,1800.00,0.05,0.01,0,315.20,323.60,1800.00,4.55,0.42,0
"2020-06-19T18:30:00Z","2020-06-19T19:00:00Z",1.54,0.45,3.08,0.15,1800.00,0.07,0.01,0,315.24,224.91,1800.00,4.53,0.35,0
"2020-06-19T19:00:00Z","2020-06-19T19:30:00Z",1.94,1.03,3.28,0.13,1800.00,0.07,0.01,0,300.57,184.36,1800.00,4.52,0.32,0
"2020-06-19T19:30:00Z","2020-06-19T20:00:00Z",1.77,0.38,3.51,0.24,1800.00,0.07,0.01,0,298.04,270.00,1800.00,4.54,0.39,0
"2020-06-19T20:00:00Z","2020-06-19T20:30:00Z",1.37,0.05,2.70,0.18,1800.00,0.06,0.01,0,295.03,477.57,1800.00,4.59,0.52,0
"2020-06-19T20:30:00Z","2020-06-19T21:00:00Z",0.97,0.06,2.29,0.26,1790.00,0.05,0.01,0,350.29,3032.70,1790.00,5.17,1.30,1
"2020-06-19T21:00:00Z","2020-06-19T21:30:00Z",1.46,0.15,2.69,0.26,1800.00,0.06,0.01,0,40.25,218.97,1800.00,4.53,0.35,1
"2020-06-19T21:30:00Z","2020-06-19T22:00:00Z",1.00,0.16,2.33,0.25,1800.00,0.05,0.01,0,23.13,494.05,1800.00,4.59,0.52,1
"2020-06-19T22:00:00Z","2020-06-19T22:30:00Z",1.57,0.26,3.01,0.20,1800.00,0.06,0.01,0,48.15,292.04,1800.00,4.54,0.40,1
"2020-06-19T22:30:00Z","2020-06-19T23:00:00Z",1.32,0.08,2.90,0.29,1800.00,0.06,0.01,0,42.82,484.51,1800.00,4.59,0.52,1
"2020-06-19T23:00:00Z","2020-06-19T23:30:00Z",1.01,0.01,2.30,0.23,1800.00,0.05,0.01,0,39.73,537.83,1800.00,4.60,0.55,1
"2020-06-19T23:30:00Z","2020-06-20T00:00:00Z",0.89,0.06,2.83,0.15,1800.00,0.06,0.01,0,22.64,666.10,1800.00,4.63,0.61,1
"2020-06-20T00:00:00Z","2020-06-20T00:30:00Z",1.07,0.00,2.83,0.37,1800.00,0.06,0.01,0,36.61,1976.79,1800.00,4.94,1.05,1
"2020-06-20T00:30:00Z","2020-06-20T01:00:00Z",1.56,0.02,4.57,0.73,1791.00,0.10,0.02,0,61.44,628.45,1791.00,4.63,0.59,0
"2020-06-20T01:00:00Z","2020-06-20T01:30:00Z",1.47,0.00,4.40,0.72,1800.00,0.10,0.02,0,22.61,2408.48,1800.00,5.04,1.16,1
"2020-06-20T01:30:00Z","2020-06-20T02:00:00Z",1.59,0.00,6.14,1.16,1800.00,0.17,0.03,0,37.37,8562.22,1800.00,6.25,2.18,1
"2020-06-20T02:00:00Z","2020-06-20T02:30:00Z",2.76,0.41,6.22,1.09,1800.00,0.17,0.02,0,153.42,358.15,1800.00,4.56,0.45,0
"2020-06-20T02:30:00Z","2020-06-20T03:00:00Z",2.14,0.27,4.69,0.65,1800.00,0.10,0.02,0,99.01,1271.64,1800.00,4.78,0.84,0
"2020-06-20T03:00:00Z","2020-06-20T03:30:00Z",2.70,0.06,6.56,2.26,1800.00,0.20,0.04,0,154.45,3575.04,1800.00,5.29,1.41,0
"2020-06-20T03:30:00Z","2020-06-20T04:00:00Z",3.47,1.60,7.05,0.83,1800.00,0.22,0.02,0,142.34,301.17,1800.00,4.55,0.41,0
"2020-06-20T04:00:00Z","2020-06-20T04:30:00Z",3.17,0.83,5.39,0.67,1800.00,0.13,0.02,0,161.17,268.44,1800.00,4.54,0.39,0
"2020-06-20T04:30:00Z","2020-06-20T05:00:00Z",3.25,1.49,5.74,0.59,1800.00,0.14,0.02,0,173.38,142.16,1800.00,4.51,0.28,0
"2020-06-20T05:00:00Z","2020-06-20T05:30:00Z",3.83,1.23,7.79,0.95,1788.00,0.26,0.02,0,168.11,217.47,1788.00,4.53,0.35,0
"2020-06-20T05:30:00Z","2020-06-20T06:00:00Z",2.38,0.55,5.26,0.70,1800.00,0.12,0.02,0,167.40,550.10,1800.00,4.61,0.55,0
"2020-06-20T06:00:00Z","2020-06-20T06:30:00Z",2.63,0.71,7.17,0.88,1800.00,0.22,0.02,0,177.61,543.12,1800.00,4.61,0.55,0
"2020-06-20T06:30:00Z","2020-06-20T07:00:00Z",1.55,0.12,5.89,0.64,1800.00,0.15,0.02,0,140.89,2406.33,1800.00,5.03,1.16,0
"2020-06-20T07:00:00Z","2020-06-20T07:30:00Z",1.35,0.11,4.49,0.41,1800.00,0.10,0.02,0,98.67,7502.25,1800.00,6.06,2.04,0
"2020-06-20T07:30:00Z","2020-06-20T08:00:00Z",1.04,0.01,2.85,0.29,1800.00,0.06,0.01,0,342.70,1532.00,1800.00,4.84,0.92,1
"2020-06-20T08:00:00Z","2020-06-20T08:30:00Z",0.87,0.08,2.05,0.15,1800.00,0.05,0.01,0,198.02,4171.29,1800.00,5.41,1.52,0
"2020-06-20T08:30:00Z","2020-06-20T09:00:00Z",0.95,0.02,2.14,0.21,1800.00,0.05,0.01,0,306.25,1659.51,1800.00,4.87,0.96,0
"2020-06-20T09:00:00Z","2020-06-20T09:30:00Z",0.63,0.01,1.59,0.11,1790.00,0.04,0.01,0,331.71,2082.52,1790.00,4.97,1.08,1
"2020-06-20T09:30:00Z","2020-06-20T10:00:00Z",0.61,0.00,1.24,0.07,1800.00,0.03,0.01,0,202.10,4362.59,1800.00,5.45,1.56,0
"2020-06-20T10:00:00Z","2020-06-20T10:30:00Z",1.03,0.01,2.60,0.43,1800.00,0.06,0.02,0,238.84,8466.34,1800.00,6.23,2.17,1
"2020-06-20T10:30:00Z","2020-06-20T11:00:00Z",2.42,1.57,3.07,0.09,1800.00,0.06,0.01,0,213.86,69.92,1800.00,4.49,0.20,0
"2020-06-20T11:00:00Z","2020-06-20T11:30:00Z",2.60,2.14,2.91,0.02,1800.00,0.06,0.00,0,213.22,92.08,1800.00,4.49,0.23,0
"2020-06-20T11:30:00Z","2020-06-20T12:00:00Z",2.90,1.87,3.39,0.04,1800.00,0.07,0.00,0,203.01,26.58,1800.00,4.48,0.12,0
"2020-06-20T12:00:00Z","2020-06-20T12:30:00Z",2.72,1.81,3.22,0.04,1800.00,0.07,0.00,0,206.57,25.34,1800.00,4.48,0.12,0
"2020-06-20T12:30:00Z","2020-06-20T13:00:00Z",3.26,2.20,4.01,0.06,1800.00,0.08,0.01,0,206.06,11.73,1800.00,4.48,0.08,0
"2020-06-20T13:00:00Z","2020-06-20T13:30:00Z",2.93,2.06,4.00,0.10,1800.00,0.08,0.01,0,225.99,67.45,1800.00,4.49,0.19,0
"2020-06-20T13:30:00Z","2020-06-20T14:00:00Z",2.66,2.11,3.39,0.02,1793.00,0.07,0.00,0,216.82,11.75,1793.00,4.48,0.08,0
"2020-06-20T14:00:00Z","2020-06-20T14:30:00Z",2.68,1.59,3.64,0.12,1800.00,0.08,0.01,0,235.59,64.22,1800.00,4.49,0.19,0
"2020-06-20T14:30:00Z","2020-06-20T15:00:00Z",2.41,1.38,3.75,0.10,1800.00,0.08,0.01,0,254.36,95.46,1800.00,4.50,0.23,0
"2020-06-20T15:00:00Z","2020-06-20T15:30:00Z",2.13,1.18,3.01,0.10,1800.00,0.06,0.01,0,256.99,97.24,1800.00,4.50,0.23,0
"2020-06-20T15:30:00Z","2020-06-20T16:00:00Z",1.86,0.88,3.04,0.16,1800.00,0.06,0.01,0,273.65,51.15,1800.00,4.48,0.17,0
"2020-06-20T16:00:00Z","2020-06-20T16:30:00Z",1.55,0.58,2.36,0.10,1800.00,0.05,0.01,0,272.99,180.16,1800.00,4.52,0.32,0
"2020-06-20T16:30:00Z","2020-06-20T17:00:00Z",1.90,0.71,3.39,0.22,1800.00,0.07,0.01,0,263.70,336.57,1800.00,4.55,0.43,0
"2020-06-20T17:00:00Z","2020-06-20T17:30:00Z",1.57,0.39,2.98,0.22,1800.00,0.06,0.01,0,284.46,536.52,1800.00,4.60,0.55,0
"2020-06-20T17:30:00Z","2020-06-20T18:00:00Z",1.09,0.13,3.20,0.28,1800.00,0.07,0.01,0,0.70,1296.20,1800.00,4.78,0.85,1
"2020-06-20T18:00:00Z","2020-06-20T18:30:00Z",1.07,0.01,2.98,0.34,1794.00,0.07,0.01,0,28.29,617.79,1794.00,4.62,0.59,1
"2020-06-20T18:30:00Z","2020-06-20T19:00:00Z",1.53,0.17,3.74,0.26,1800.00,0.08,0.01,0,61.27,497.97,1800.00,4.59,0.53,0
"2020-06-20T19:00:00Z","2020-06-20T19:30:00Z",2.02,0.19,4.36,0.67,1800.00,0.10,0.02,0,43.73,525.38,1800.00,4.60,0.54,1
"2020-06-20T19:30:00Z","2020-06-20T20:00:00Z",2.28,0.75,4.57,0.51,1800.00,0.10,0.02,0,76.56,311.13,1800.00,4.55,0.42,0
"2020-06-20T20:00:00Z","2020-06-20T20:30:00Z",2.82,0.56,5.43,0.68,1800.00,0.13,0.02,0,68.39,565.52,1800.00,4.61,0.56,1
"2020-06-20T20:30:00Z","2020-06-20T21:00:00Z",2.69,0.43,5.49,1.06,1800.00,0.14,0.02,0,43.97,357.66,1800.00,4.56,0.45,1
"2020-06-20T21:00:00Z","2020-06-20T21:30:00Z",2.43,0.19,4.85,0.83,1800.00,0.11,0.02,0,41.28,305.20,1800.00,4.55,0.41,1
"2020-06-20T21:30:00Z","2020-06-20T22:00:00Z",2.26,0.29,4.88,0.68,1800.00,0.11,0.02,0,41.73,394.80,1800.00,4.57,0.47,1
"2020-06-20T22:00:00Z","2020-06-20T22:30:00Z",2.31,0.06,5.32,1.03,1794.00,0.13,0.02,0,61.91,922.40,1794.00,4.70,0.72,1
"2020-06-20T22:30:00Z","2020-06-20T23:00:00Z",1.92,0.06,4.89,0.95,1800.00,0.11,0.02,0,56.82,1589.40,1800.00,4.85,0.94,1
"2020-06-20T23:00:00Z","2020-06-20T23:30:00Z",2.05,0.07,5.14,0.97,1800.00,0.12,0.02,0,41.40,771.33,1800.00,4.66,0.65,1
"2020-06-20T23:30:00Z","2020-06-21T00:00:00Z",2.10,0.25,4.91,0.87,1800.00,0.11,0.02,0,38.41,416.41,1800.00,4.57,0.48,1
"2020-06-21T00:00:00Z","2020-06-21T00:30:00Z",2.02,0.31,5.54,0.96,1800.00,0.14,0.02,0,24.36,391.76,1800.00,4.57,0.47,1
"2020-06-21T00:30:00Z","2020-06-21T01:00:00Z",2.53,0.39,6.44,1.38,1800.00,0.19,0.03,0,31.26,328.46,1800.00,4.55,0.43,1
"2020-06-21T01:00:00Z","2020-06-21T01:30:00Z",2.49,0.45,5.81,0.97,1800.00,0.15,0.02,0,25.39,140.68,1800.00,4.51,0.28,1
"2020-06-21T01:30:00Z","2020-06-21T02:00:00Z",2.56,0.72,5.64,0.41,1800.00,0.14,0.02,0,48.09,299.04,1800.00,4.55,0.41,1
"2020-06-21T02:00:00Z","2020-06-21T02:30:00Z",2.09,1.04,3.50,0.19,1800.00,0.07,0.01,0,115.87,704.62,1800.00,4.64,0.63,0
"2020-06-21T02:30:00Z","2020-06-21T03:00:00Z",1.90,0.82,2.98,0.16,1791.00,0.06,0.01,0,164.40,288.14,1791.00,4.54,0.40,0
"2020-06-21T03:00:00Z","2020-06-21T03:30:00Z",1.60,0.59,2.70,0.15,1800.00,0.06,0.01,0,190.80,179.53,1800.00,4.52,0.32,0
"2020-06-21T03:30:00Z","2020-06-21T04:00:00Z",1.42,0.09,3.85,0.37,1800.00,0.08,0.01,0,268.12,8243.84,1800.00,6.19,2.14,1
"2020-06-21T04:00:00Z","2020-06-21T04:30:00Z",0.59,0.03,2.47,0.06,1800.00,0.05,0.01,0,5.93,1765.18,1800.00,4.89,0.99,1
"2020-06-21T04:30:00Z","2020-06-21T05:00:00Z",0.52,0.02,1.59,0.12,1800.00,0.04,0.01,0,262.74,1667.63,1800.00,4.87,0.96,0
"2020-06-21T05:00:00Z","2020-06-21T05:30:00Z",1.12,0.63,1.85,0.08,1800.00,0.04,0.01,0,276.13,629.04,1800.00,4.63,0.59,0
"2020-06-21T05:30:00Z","2020-06-21T06:00:00Z",1.26,0.28,2.52,0.14,1800.00,0.05,0.01,0,293.43,283.15,1800.00,4.54,0.40,0
"2020-06-21T06:00:00Z","2020-06-21T06:30:00Z",0.76,0.24,1.42,0.04,1800.00,0.03,0.00,0,247.85,236.82,1800.00,4.53,0.36,0
"2020-06-21T06:30:00Z","2020-06-21T07:00:00Z",1.26,0.54,2.04,0.08,1791.00,0.04,0.01,0,256.23,91.52,1791.00,4.49,0.23,0
"2020-06-21T07:00:00Z","2020-06-21T07:30:00Z",1.39,0.75,2.14,0.05,1800.00,0.05,0.01,0,275.93,119.94,1800.00,4.50,0.26,0
"2020-06-21T07:30:00Z","2020-06-21T08:00:00Z",0.93,0.21,2.13,0.09,1800.00,0.05,0.01,0,259.61,659.42,1800.00,4.63,0.61,0
"2020-06-21T08:00:00Z","2020-06-21T08:30:00Z",1.15,0.31,2.45,0.14,1800.00,0.05,0.01,0,264.13,437.84,1800.00,4.58,0.49,0
"2020-06-21T08:30:00Z","2020-06-21T09:00:00Z",1.06,0.54,2.33,0.07,1800.00,0.05,0.01,0,224.44,315.49,1800.00,4.55,0.42,0
"2020-06-21T09:00:00Z","2020-06-21T09:30:00Z",0.77,0.01,1.77,0.17,1800.00,0.04,0.01,0,261.64,2443.63,1800.00,5.04,1.17,0
"2020-06-21T09:30:00Z","2020-06-21T10:00:00Z",1.35,0.70,2.35,0.08,1800.00,0.05,0.01,0,260.84,565.03,1800.00,4.61,0.56,0
"2020-06-21T10:00:00Z","2020-06-21T10:30:00Z",1.14,0.39,2.06,0.09,1800.00,0.05,0.01,0,241.64,554.97,1800.00,4.61,0.56,0
"2020-06-21T10:30:00Z","2020-06-21T11:00:00Z",1.64,0.41,2.94,0.21,1800.00,0.06,0.01,0,278.55,242.73,1800.00,4.53,0.37,0
"2020-06-21T11:00:00Z","2020-06-21T11:30:00Z",1.96,0.69,4.73,0.51,1789.00,0.10,0.02,0,250.77,631.96,1789.00,4.63,0.59,0
"2020-06-21T11:30:00Z","2020-06-21T12:00:00Z",2.57,0.23,4.39,0.61,1800.00,0.10,0.02,0,269.53,238.19,1800.00,4.53,0.36,0
"2020-06-21T12:00:00Z","2020-06-21T12:30:00Z",2.97,1.22,5.99,0.58,1800.00,0.16,0.02,0,272.20,181.59,1800.00,4.52,0.32,0
"2020-06-21T12:30:00Z","2020-06-21T13:00:00Z",2.99,1.82,4.48,0.23,1800.00,0.09,0.01,0,262.86,80.30,1800.00,4.49,0.21,0
"2020-06-21T13:00:00Z","2020-06-21T13:30:00Z",2.93,1.63,4.35,0.20,1800.00,0.09,0.01,0,262.41,53.23,1800.00,4.49,0.17,0
"2020-06-21T13:30:00Z","2020-06-21T14:00:00Z",2.31,0.88,4.17,0.25,1800.00,0.09,0.01,0,243.68,205.39,1800.00,4.52,0.34,0
"2020-06-21T14:00:00Z","2020-06-21T14:30:00Z",2.71,0.82,5.58,0.97,1800.00,0.14,0.02,0,224.44,161.18,1800.00,4.51,0.30,0
"2020-06-21T14:30:00Z","2020-06-21T15:00:00Z",3.25,1.18,5.64,0.61,1800.00,0.14,0.02,0,214.07,85.25,1800.00,4.49,0.22,0
"2020-06-21T15:00:00Z","2020-06-21T15:30:00Z",2.30,0.87,4.32,0.24,1800.00,0.09,0.01,0,221.41,158.84,1800.00,4.51,0.30,0
"2020-06-21T15:30:00Z","2020-06-21T16:00:00Z",1.45,0.15,2.65,0.18,1793.00,0.06,0.01,0,270.47,335.49,1793.00,4.56,0.43,0
"2020-06-21T16:00:00Z","2020-06-21T16:30:00Z",2.40,0.17,5.21,1.09,1800.00,0.12,0.02,0,220.26,463.27,1800.00,4.59,0.51,0
"2020-06-21T16:30:00Z","2020-06-21T17:00:00Z",1.88,0.51,4.67,0.38,1800.00,0.10,0.01,0,230.81,258.15,1800.00,4.54,0.38,0
"2020-06-21T17:00:00Z","2020-06-21T17:30:00Z",1.68,0.46,3.63,0.25,1800.00,0.08,0.01,0,265.75,716.92,1800.00,4.65,0.63,0
"2020-06-21T17:30:00Z","2020-06-21T18:00:00Z",3.49,1.22,6.01,0.71,1800.00,0.16,0.02,0,222.14,105.37,1800.00,4.50,0.24,0
"2020-06-21T18:00:00Z","2020-06-21T18:30:00Z",3.46,1.27,6.59,0.58,1800.00,0.19,0.02,0,209.00,140.62,1800.00,4.51,0.28,0
"2020-06-21T18:30:00Z","2020-06-21T19:00:00Z",2.84,1.19,4.85,0.32,1800.00,0.10,0.01,0,211.95,123.71,1800.00,4.50,0.26,0
"2020-06-21T19:00:00Z","2020-06-21T19:30:00Z",2.68,1.28,4.95,0.32,1800.00,0.10,0.01,0,221.77,95.95,1800.00,4.50,0.23,0
"2020-06-21T19:30:00Z","2020-06-21T20:00:00Z",2.03,0.96,3.35,0.20,1793.00,0.07,0.01,0,234.61,298.49,1793.00,4.55,0.41,0
"2020-06-21T20:00:00Z","2020-06-21T20:30:00Z",1.95,0.89,3.20,0.15,1800.00,0.07,0.01,0,271.51,312.84,1800.00,4.55,0.42,0
"2020-06-21T20:30:00Z","2020-06-21T21:00:00Z",1.25,0.00,3.76,0.49,1800.00,0.08,0.02,0,250.19,1238.70,1800.00,4.77,0.83,0
"2020-06-21T21:00:00Z","2020-06-21T21:30:00Z",3.15,0.89,6.64,0.99,1800.00,0.19,0.02,0,217.28,247.43,1800.00,4.53,0.37,0
"2020-06-21T21:30:00Z","2020-06-21T22:00:00Z",4.34,1.33,7.44,1.09,1800.00,0.24,0.02,0,232.78,147.53,1800.00,4.51,0.29,0
"2020-06-21T22:00:00Z","2020-06-21T22:30:00Z",5.00,2.49,8.70,1.00,1800.00,0.30,0.02,0,235.73,92.15,1800.00,4.49,0.23,0
"2020-06-21T22:30:00Z","2020-06-21T23:00:00Z",5.22,2.08,9.00,1.32,1800.00,0.32,0.03,0,238.54,79.59,1800.00,4.49,0.21,0
"2020-06-21T23:00:00Z","2020-06-21T23:30:00Z",5.43,2.40,9.57,1.08,1800.00,0.35,0.02,0,241.64,79.95,1800.00,4.49,0.21,0
"2020-06-21T23:30:00Z","2020-06-22T00:00:00Z",5.35,2.43,9.58,0.97,1800.00,0.35,0.02,0,243.86,78.60,1800.00,4.49,0.21,0
"2020-06-22T00:00:00Z","2020-06-22T00:30:00Z",4.73,2.07,8.73,0.97,1788.00,0.31,0.02,0,254.28,120.17,1788.00,4.50,0.26,0
"2020-06-22T00:30:00Z","2020-06-22T01:00:00Z",4.36,1.72,7.47,0.93,1800.00,0.24,0.02,0,260.52,131.22,1800.00,4.50,0.27,0
"2020-06-22T01:00:00Z","2020-06-22T01:30:00Z",5.00,2.36,8.37,0.82,1800.00,0.29,0.02,0,260.01,96.92,1800.00,4.50,0.23,0
"2020-06-22T01:30:00Z","2020-06-22T02:00:00Z",4.93,2.38,7.83,1.01,1800.00,0.26,0.02,0,261.15,89.49,1800.00,4.49,0.22,0
"2020-06-22T02:00:00Z","2020-06-22T02:30:00Z",4.62,1.86,6.69,0.75,1800.00,0.20,0.02,0,258.62,90.29,1800.00,4.49,0.22,0
"2020-06-22T02:30:00Z","2020-06-22T03:00:00Z",3.94,1.90,6.42,0.74,1800.00,0.18,0.02,0,254.91,80.10,1800.00,4.49,0.21,0
"2020-06-22T03:00:00Z","2020-06-22T03:30:00Z",4.15,1.92,7.19,0.65,1800.00,0.22,0.02,0,252.00,80.87,1800.00,4.49,0.21,0
"2020-06-22T03:30:00Z","2020-06-22T04:00:00Z",3.81,1.79,6.34,0.57,1800.00,0.18,0.02,0,245.08,110.87,1800.00,4.50,0.25,0
"2020-06-22T04:00:00Z","2020-06-22T04:30:00Z",3.88,1.68,6.11,0.55,1800.00,0.16,0.02,0,240.10,91.20,1800.00,4.49,0.23,0
"2020-06-22T04:30:00Z","2020-06-22T05:00:00Z",4.34,1.92,7.35,0.86,1791.00,0.23,0.02,0,245.71,83.96,1791.00,4.49,0.22,0
"2020-06-22T05:00:00Z","2020-06-22T05:30:00Z",4.02,1.92,6.82,0.69,1800.00,0.20,0.02,0,240.92,97.08,1800.00,4.50,0.23,0
"2020-06-22T05:30:00Z","2020-06-22T06:00:00Z",2.98,1.37,4.92,0.35,1800.00,0.10,0.01,0,238.28,64.80,1800.00,4.49,0.19,0
"2020-06-22T06:00:00Z","2020-06-22T06:30:00Z",2.05,1.00,3.77,0.27,1800.00,0.08,0.01,0,236.71,113.60,1800.00,4.50,0.25,0
"2020-06-22T06:30:00Z","2020-06-22T07:00:00Z",1.41,0.63,2.67,0.09,1800.00,0.06,0.01,0,223.46,155.49,1800.00,4.51,0.29,0
"2020-06-22T07:00:00Z","2020-06-22T07:30:00Z",1.09,0.53,1.61,0.04,1800.00,0.04,0.00,0,200.13,49.65,1800.00,4.48,0.17,0
"2020-06-22T07:30:00Z","2020-06-22T08:00:00Z",0.71,0.30,1.88,0.04,1800.00,0.04,0.00,0,249.11,1686.56,1800.00,4.87,0.97,0
"2020-06-22T08:00:00Z","2020-06-22T08:30:00Z",0.65,0.01,1.40,0.06,1800.00,0.03,0.01,0,329.96,903.48,1800.00,4.69,0.71,1
"2020-06-22T08:30:00Z","2020-06-22T09:00:00Z",1.16,0.58,2.19,0.08,1793.00,0.05,0.01,0,253.83,566.25,1793.00,4.61,0.56,0
"2020-06-22T09:00:00Z","2020-06-22T09:30:00Z",2.07,0.45,6.16,0.72,1800.00,0.17,0.02,0,275.58,1105.23,1800.00,4.74,0.78,0
"2020-06-22T09:30:00Z","2020-06-22T10:00:00Z",1.91,0.95,3.28,0.19,1800.00,0.07,0.01,0,280.49,175.61,1800.00,4.52,0.31,0
"2020-06-22T10:00:00Z","2020-06-22T10:30:00Z",2.72,0.68,7.03,1.44,1800.00,0.22,0.03,0,259.44,209.93,1800.00,4.52,0.34,0
"2020-06-22T10:30:00Z","2020-06-22T11:00:00Z",3.39,1.42,6.94,0.94,1800.00,0.21,0.02,0,265.56,149.05,1800.00,4.51,0.29,0
"2020-06-22T11:00:00Z","2020-06-22T11:30:00Z",2.09,1.10,3.61,0.12,1800.00,0.07,0.01,0,255.97,64.71,1800.00,4.49,0.19,0
"2020-06-22T11:30:00Z","2020-06-22T12:00:00Z",2.52,1.09,5.33,0.64,1800.00,0.12,0.02,0,257.13,77.77,1800.00,4.49,0.21,0
"2020-06-22T12:00:00Z","2020-06-22T12:30:00Z",4.11,2.27,7.88,0.59,1800.00,0.26,0.02,0,264.43,45.42,1800.00,4.48,0.16,0
"2020-06-22T12:30:00Z","2020-06-22T13:00:00Z",3.67,2.09,5.85,0.42,1800.00,0.15,0.02,0,267.17,56.07,1800.00,4.49,0.18,0
"2020-06-22T13:00:00Z","2020-06-22T13:30:00Z",4.82,2.30,8.64,1.13,1792.00,0.30,0.03,0,256.10,90.40,1792.00,4.49,0.22,0
"2020-06-22T13:30:00Z","2020-06-22T14:00:00Z",5.04,2.48,8.31,0.98,1800.00,0.28,0.02,0,254.37,59.62,1800.00,4.49,0.18,0
"2020-06-22T14:00:00Z","2020-06-22T14:30:00Z",5.11,2.32,8.83,1.12,1800.00,0.31,0.02,0,244.46,78.62,1800.00,4.49,0.21,0
"2020-06-22T14:30:00Z","2020-06-22T15:00:00Z",6.01,2.70,10.44,1.43,1800.00,0.40,0.03,0,246.59,44.11,1800.00,4.48,0.16,0
"2020-06-22T15:00:00Z","2020-06-22T15:30:00Z",5.94,2.80,11.33,1.39,1800.00,0.45,0.03,0,250.95,47.22,1800.00,4.48,0.16,0
"2020-06-22T15:30:00Z","2020-06-22T16:00:00Z",4.52,1.77,7.89,1.03,1800.00,0.26,0.02,0,251.68,84.86,1800.00,4.49,0.22,0
"2020-06-22T16:00:00Z","2020-06-22T16:30:00Z",3.78,1.81,7.44,0.77,1800.00,0.24,0.02,0,243.86,100.15,1800.00,4.50,0.24,0
"2020-06-22T16:30:00Z","2020-06-22T17:00:00Z",3.74,1.64,6.82,0.62,1800.00,0.20,0.02,0,253.55,81.94,1800.00,4.49,0.21,0
"2020-06-22T17:00:00Z","2020-06-22T17:30:00Z",4.36,1.84,8.11,1.25,1800.00,0.27,0.03,0,249.32,84.37,1800.00,4.49,0.22,0
"2020-06-22T17:30:00Z","2020-06-22T18:00:00Z",5.06,2.29,9.53,1.22,1792.00,0.35,0.03,0,244.93,64.56,1792.00,4.49,0.19,0
"2020-06-22T18:00:00Z","2020-06-22T18:30:00Z",5.57,2.36,9.94,1.56,1800.00,0.37,0.03,0,242.86,65.58,1800.00,4.49,0.19,0
"2020-06-22T18:30:00Z","2020-06-22T19:00:00Z",5.07,2.15,8.98,1.39,1800.00,0.32,0.03,0,240.60,92.71,1800.00,4.50,0.23,0
"2020-06-22T19:00:00Z","2020-06-22T19:30:00Z",4.98,1.79,9.74,1.32,1800.00,0.36,0.03,0,246.56,100.59,1800.00,4.50,0.24,0
"2020-06-22T19:30:00Z","2020-06-22T20:00:00Z",3.69,1.44,6.49,0.75,1800.00,0.19,0.02,0,248.10,106.37,1800.00,4.50,0.24,0
"2020-06-22T20:00:00Z","2020-06-22T20:30:00Z",3.76,1.29,7.17,1.04,1800.00,0.22,0.02,0,244.56,146.96,1800.00,4.51,0.29,0
"2020-06-22T20:30:00Z","2020-06-22T21:00:00Z",3.58,1.61,6.44,0.68,1800.00,0.18,0.02,0,244.80,128.88,1800.00,4.50,0.27,0
"2020-06-22T21:00:00Z","2020-06-22T21:30:00Z",2.47,0.65,4.91,0.54,1800.00,0.10,0.02,0,245.88,231.23,1800.00,4.53,0.36,0
"2020-06-22T21:30:00Z","2020-06-22T22:00:00Z",2.56,0.10,5.35,0.82,1794.00,0.13,0.02,0,272.58,472.01,1794.00,4.59,0.51,0
"2020-06-22T22:00:00Z","2020-06-22T22:30:00Z",2.48,0.02,5.57,1.49,1800.00,0.14,0.03,0,272.44,2530.32,1800.00,5.06,1.19,0
"2020-06-22T22:30:00Z","2020-06-22T23:00:00Z",2.11,0.13,7.01,2.18,1800.00,0.22,0.03,0,291.27,4006.75,1800.00,5.38,1.49,0
"2020-06-22T23:00:00Z","2020-06-22T23:30:00Z",1.69,0.04,4.56,0.56,1800.00,0.10,0.02,0,0.44,5962.97,1800.00,5.77,1.82,0
"2020-06-22T23:30:00Z","2020-06-23T00:00:00Z",1.63,0.00,4.29,0.76,1800.00,0.10,0.02,0,237.27,6275.35,1800.00,5.83,1.87,0
"2020-06-23T00:00:00Z","2020-06-23T00:30:00Z",3.53,1.34,6.42,0.87,1800.00,0.18,0.02,0,247.32,173.94,1800.00,4.52,0.31,0
"2020-06-23T00:30:00Z","2020-06-23T01:00:00Z",3.78,1.48,7.22,0.99,1800.00,0.23,0.02,0,252.22,129.34,1800.00,4.50,0.27,0
"2020-06-23T01:00:00Z","2020-06-23T01:30:00Z",2.37,0.14,6.29,1.39,1800.00,0.18,0.03,0,247.08,514.16,1800.00,4.60,0.53,0
"2020-06-23T01:30:00Z","2020-06-23T02:00:00Z",1.52,0.07,3.66,0.50,1800.00,0.08,0.02,0,281.05,1357.43,1800.00,4.80,0.87,0
"2020-06-23T02:00:00Z","2020-06-23T02:30:00Z",1.82,0.24,4.68,0.74,1788.00,0.10,0.02,0,265.83,1182.00,1788.00,4.76,0.81,0
"2020-06-23T02:30:00Z","2020-06-23T03:00:00Z",1.13,0.02,2.28,0.33,1800.00,0.05,0.01,0,99.49,922.47,1800.00,4.70,0.72,0
"2020-06-23T03:00:00Z","2020-06-23T03:30:00Z",1.22,0.45,3.22,0.22,1800.00,0.07,0.01,0,59.14,339.02,1800.00,4.56,0.43,0
"2020-06-23T03:30:00Z","2020-06-23T04:00:00Z",0.77,0.00,2.49,0.27,1800.00,0.06,0.01,0,353.92,6225.15,1800.00,5.82,1.86,0
"2020-06-23T04:00:00Z","2020-06-23T04:30:00Z",1.27,0.57,2.41,0.08,1800.00,0.05,0.01,0,278.40,345.61,1800.00,4.56,0.44,0
"2020-06-23T04:30:00Z","2020-06-23T05:00:00Z",1.70,0.38,3.03,0.19,1800.00,0.07,0.01,0,281.04,154.24,1800.00,4.51,0.29,0
"2020-06-23T05:00:00Z","2020-06-23T05:30:00Z",1.71,0.41,3.61,0.30,1800.00,0.08,0.01,0,268.79,265.62,1800.00,4.54,0.38,0
"2020-06-23T05:30:00Z","2020-06-23T06:00:00Z",1.24,0.06,2.66,0.25,1800.00,0.06,0.01,0,241.24,535.22,1800.00,4.60,0.55,0
"2020-06-23T06:00:00Z","2020-06-23T06:30:00Z",0.80,0.12,2.80,0.13,1800.00,0.06,0.01,0,281.23,981.36,1800.00,4.71,0.74,0
"2020-06-23T06:30:00Z","2020-06-23T07:00:00Z",0.54,0.00,1.87,0.18,1788.00,0.04,0.01,0,21.55,2304.17,1788.00,5.02,1.14,1
"2020-06-23T07:00:00Z","2020-06-23T07:30:00Z",0.91,0.33,1.76,0.03,1800.00,0.04,0.00,0,58.09,198.61,1800.00,4.52,0.33,0
"2020-06-23T07:30:00Z","2020-06-23T08:00:00Z",0.46,0.00,1.04,0.05,1800.00,0.03,0.01,0,72.91,3546.05,1800.00,5.28,1.40,1
"2020-06-23T08:00:00Z","2020-06-23T08:30:00Z",0.47,0.00,1.23,0.05,1800.00,0.03,0.01,0,28.95,4507.16,1800.00,5.48,1.58,1
"2020-06-23T08:30:00Z","2020-06-23T09:00:00Z",0.69,0.02,1.83,0.12,1800.00,0.04,0.01,0,276.81,7875.00,1800.00,6.12,2.09,0
"2020-06-23T09:00:00Z","2020-06-23T09:30:00Z",1.00,0.01,3.40,0.36,1800.00,0.07,0.01,0,347.59,2277.00,1800.00,5.01,1.12,1
"2020-06-23T09:30:00Z","2020-06-23T10:00:00Z",0.62,0.00,1.94,0.16,1800.00,0.04,0.01,0,329.76,3685.15,1800.00,5.31,1.43,1
"2020-06-23T10:00:00Z","2020-06-23T10:30:00Z",0.69,0.07,1.37,0.08,1800.00,0.03,0.01,0,312.31,2476.69,1800.00,5.05,1.17,0
"2020-06-23T10:30:00Z","2020-06-23T11:00:00Z",0.62,0.01,1.76,0.12,1800.00,0.04,0.01,0,29.43,5134.37,1800.00,5.60,1.69,1
"2020-06-23T11:00:00Z","2020-06-23T11:30:00Z",0.47,0.01,1.77,0.11,1788.00,0.04,0.01,0,42.59,6264.92,1788.00,5.83,1.87,1
"2020-06-23T11:30:00Z","2020-06-23T12:00:00Z",0.39,0.00,1.26,0.04,1800.00,0.03,0.00,0,279.51,8117.96,1800.00,6.17,2.12,1
"2020-06-23T12:00:00Z","2020-06-23T12:30:00Z",0.57,0.00,1.82,0.10,1800.00,0.04,0.01,0,38.65,4909.81,1800.00,5.56,1.65,1
"2020-06-23T12:30:00Z","2020-06-23T13:00:00Z",0.77,0.04,1.84,0.16,1800.00,0.04,0.01,0,25.39,2587.01,1800.00,5.07,1.20,1
"2020-06-23T13:00:00Z","2020-06-23T13:30:00Z",0.74,0.01,1.74,0.19,1800.00,0.04,0.01,0,309.85,7023.50,1800.00,5.97,1.98,0
"2020-06-23T13:30:00Z","2020-06-23T14:00:00Z",1.05,0.01,2.63,0.20,1800.00,0.06,0.01,0,332.71,1165.09,1800.00,4.75,0.80,1
"2020-06-23T14:00:00Z","2020-06-23T14:30:00Z",1.47,0.01,3.05,0.20,1800.00,0.07,0.01,0,322.79,439.79,1800.00,4.58,0.49,0
"2020-06-23T14:30:00Z","2020-06-23T15:00:00Z",0.61,0.02,1.82,0.11,1800.00,0.04,0.01,0,295.92,5879.37,1800.00,5.75,1.81,1
"2020-06-23T15:00:00Z","2020-06-23T15:30:00Z",0.57,0.01,1.80,0.13,1793.00,0.04,0.01,0,49.96,3028.44,1793.00,5.17,1.30,1
"2020-06-23T15:30:00Z","2020-06-23T16:00:00Z",0.65,0.02,1.48,0.09,1800.00,0.03,0.01,0,357.80,1187.32,1800.00,4.76,0.81,1
"2020-06-23T16:00:00Z","2020-06-23T16:30:00Z",0.59,0.01,1.89,0.13,1800.00,0.04,0.01,0,346.14,3775.96,1800.00,5.33,1.45,1
"2020-06-23T16:30:00Z","2020-06-23T17:00:00Z",1.05,0.01,2.86,0.35,1800.00,0.06,0.01,0,346.09,1567.22,1800.00,4.85,0.93,1
"2020-06-23T17:00:00Z","2020-06-23T17:30:00Z",0.67,0.07,2.09,0.08,1800.00,0.05,0.01,0,18.34,418.79,1800.00,4.58,0.48,1
"2020-06-23T17:30:00Z","2020-06-23T18:00:00Z",0.73,0.01,2.13,0.11,1800.00,0.05,0.01,0,26.26,973.86,1800.00,4.71,0.74,1
"2020-06-23T18:00:00Z","2020-06-23T18:30:00Z",0.99,0.08,2.77,0.17,1800.00,0.06,0.01,0,21.45,259.81,1800.00,4.54,0.38,1
"2020-06-23T18:30:00Z","2020-06-23T19:00:00Z",1.11,0.21,2.90,0.25,1800.00,0.06,0.01,0,19.56,340.47,1800.00,4.56,0.43,1
"2020-06-23T19:00:00Z","2020-06-23T19:30:00Z",1.15,0.04,3.38,0.42,1800.00,0.08,0.02,0,21.11,422.57,1800.00,4.58,0.48,1
"2020-06-23T19:30:00Z","2020-06-23T20:00:00Z",1.26,0.25,3.69,0.32,1793.00,0.08,0.01,0,17.23,420.92,1793.00,4.58,0.48,1
"2020-06-23T20:00:00Z","2020-06-23T20:30:00Z",1.41,0.32,3.48,0.31,1800.00,0.08,0.01,0,21.18,277.11,1800.00,4.54,0.39,1
"2020-06-23T20:30:00Z","2020-06-23T21:00:00Z",1.90,0.32,3.69,0.40,1800.00,0.08,0.01,0,41.65,260.85,1800.00,4.54,0.38,1
"2020-06-23T21:00:00Z","2020-06-23T21:30:00Z",1.62,0.12,3.55,0.43,1800.00,0.08,0.02,0,50.57,298.34,1800.00,4.55,0.41,1
"2020-06-23T21:30:00Z","2020-06-23T22:00:00Z",1.03,0.09,2.30,0.26,1800.00,0.05,0.01,0,44.05,1064.30,1800.00,4.73,0.77,1
"2020-06-23T22:00:00Z","2020-06-23T22:30:00Z",1.38,0.04,4.03,0.48,1800.00,0.09,0.02,0,153.80,5378.95,1800.00,5.65,1.73,0
"2020-06-23T22:30:00Z","2020-06-23T23:00:00Z",1.09,0.00,5.11,0.60,1800.00,0.11,0.02,0,30.13,7316.06,1800.00,6.02,2.02,1
"2020-06-23T23:00:00Z","2020-06-23T23:30:00Z",1.71,0.05,5.41,0.96,1800.00,0.13,0.02,0,169.72,7406.28,1800.00,6.04,2.03,1
"2020-06-23T23:30:00Z","2020-06-24T00:00:00Z",3.39,0.90,6.05,0.83,1800.00,0.16,0.02,0,185.90,309.57,1800.00,4.55,0.41,0
"2020-06-24T00:00:00Z","2020-06-24T00:30:00Z",3.30,1.22,6.03,0.65,1792.00,0.16,0.02,0,177.49,140.32,1792.00,4.51,0.28,0
"2020-06-24T00:30:00Z","2020-06-24T01:00:00Z",2.80,0.96,5.88,0.79,1800.00,0.15,0.02,0,163.19,192.79,1800.00,4.52,0.33,0
"2020-06-24T01:00:00Z","2020-06-24T01:30:00Z",3.89,1.08,7.47,1.12,1800.00,0.24,0.02,0,163.83,185.95,1800.00,4.52,0.32,0
"2020-06-24T01:30:00Z","2020-06-24T02:00:00Z",4.83,1.72,8.49,1.22,1800.00,0.29,0.03,0,179.95,132.48,1800.00,4.50,0.27,0
"2020-06-24T02:00:00Z","2020-06-24T02:30:00Z",4.61,1.70,7.92,1.20,1800.00,0.26,0.03,0,177.40,114.25,1800.00,4.50,0.25,0
"2020-06-24T02:30:00Z","2020-06-24T03:00:00Z",3.96,1.18,7.61,1.39,1800.00,0.25,0.03,0,191.43,221.00,1800.00,4.53,0.35,0
"2020-06-24T03:00:00Z","2020-06-24T03:30:00Z",4.33,1.88,8.13,0.94,1800.00,0.27,0.02,0,196.70,171.57,1800.00,4.51,0.31,0
"2020-06-24T03:30:00Z","2020-06-24T04:00:00Z",4.45,1.68,9.07,1.54,1800.00,0.33,0.03,0,194.14,94.62,1800.00,4.50,0.23,0
"2020-06-24T04:00:00Z","2020-06-24T04:30:00Z",3.69,0.69,8.86,1.89,1788.00,0.32,0.03,0,189.47,219.88,1788.00,4.53,0.35,0
"2020-06-24T04:30:00Z","2020-06-24T05:00:00Z",3.53,1.16,7.50,1.34,1800.00,0.24,0.03,0,178.23,133.14,1800.00,4.51,0.27,0
"2020-06-24T05:00:00Z","2020-06-24T05:30:00Z",3.14,0.88,6.53,1.03,1800.00,0.19,0.02,0,183.46,138.01,1800.00,4.51,0.28,0
"2020-06-24T05:30:00Z","2020-06-24T06:00:00Z",1.86,0.84,4.71,0.75,1800.00,0.10,0.02,0,158.96,452.91,1800.00,4.58,0.50,0
"2020-06-24T06:00:00Z","2020-06-24T06:30:00Z",1.23,0.31,2.11,0.12,1800.00,0.05,0.01,0,81.01,984.85,1800.00,4.71,0.74,1
"2020-06-24T06:30:00Z","2020-06-24T07:00:00Z",0.54,0.01,1.59,0.10,1800.00,0.04,0.01,0,355.26,4621.08,1800.00,5.50,1.60,1
"2020-06-24T07:00:00Z","2020-06-24T07:30:00Z",1.30,0.34,2.44,0.32,1800.00,0.06,0.01,0,221.20,2098.89,1800.00,4.97,1.08,0
"2020-06-24T07:30:00Z","2020-06-24T08:00:00Z",1.40,0.01,4.60,0.37,1800.00,0.10,0.01,0,258.29,1356.38,1800.00,4.80,0.87,0
"2020-06-24T08:00:00Z","2020-06-24T08:30:00Z",2.35,0.41,3.78,0.32,1800.00,0.08,0.01,0,269.97,653.44,1800.00,4.63,0.60,0
"2020-06-24T08:30:00Z","2020-06-24T09:00:00Z",2.81,1.08,5.25,0.53,1792.00,0.12,0.02,0,269.19,410.73,1792.00,4.57,0.48,0
"2020-06-24T09:00:00Z","2020-06-24T09:30:00Z",2.31,1.03,3.91,0.24,1800.00,0.08,0.01,0,256.22,510.39,1800.00,4.60,0.53,0
"2020-06-24T09:30:00Z","2020-06-24T10:00:00Z",2.34,1.00,4.23,0.35,1800.00,0.09,0.01,0,240.98,634.39,1800.00,4.63,0.59,0
"2020-06-24T10:00:00Z","2020-06-24T10:30:00Z",2.26,0.97,4.55,0.25,1800.00,0.09,0.01,0,223.96,1621.23,1800.00,4.86,0.95,0
"2020-06-24T10:30:00Z","2020-06-24T11:00:00Z",1.32,0.11,2.52,0.27,1800.00,0.06,0.01,0,197.15,2727.51,1800.00,5.11,1.23,0
"2020-06-24T11:00:00Z","2020-06-24T11:30:00Z",0.84,0.00,1.94,0.15,1800.00,0.04,0.01,0,203.32,4044.98,1800.00,5.38,1.50,0
"2020-06-24T11:30:00Z","2020-06-24T12:00:00Z",0.97,0.00,2.23,0.37,1800.00,0.05,0.01,0,214.29,2814.86,1800.00,5.12,1.25,0
"2020-06-24T12:00:00Z","2020-06-24T12:30:00Z",1.19,0.10,1.97,0.09,1800.00,0.04,0.01,0,248.85,1050.65,1800.00,4.73,0.76,0
"2020-06-24T12:30:00Z","2020-06-24T13:00:00Z",1.70,0.96,2.34,0.05,1800.00,0.05,0.01,0,178.31,590.24,1800.00,4.62,0.57,0
"2020-06-24T13:00:00Z","2020-06-24T13:30:00Z",1.81,1.00,2.81,0.10,1789.00,0.06,0.01,0,174.86,102.74,1789.00,4.50,0.24,0
"2020-06-24T13:30:00Z","2020-06-24T14:00:00Z",1.57,0.73,2.55,0.12,1800.00,0.05,0.01,0,178.61,166.93,1800.00,4.51,0.30,0
"2020-06-24T14:00:00Z","2020-06-24T14:30:00Z",0.79,0.02,1.66,0.10,1800.00,0.04,0.01,0,92.97,4685.73,1800.00,5.51,1.61,1
"2020-06-24T14:30:00Z","2020-06-24T15:00:00Z",0.57,0.00,1.38,0.09,1800.00,0.03,0.01,0,41.85,3109.70,1800.00,5.19,1.31,1
"2020-06-24T15:00:00Z","2020-06-24T15:30:00Z",0.38,0.01,1.10,0.05,1800.00,0.03,0.01,0,356.00,8792.76,1800.00,6.29,2.21,1
"2020-06-24T15:30:00Z","2020-06-24T16:00:00Z",0.74,0.02,1.59,0.09,1800.00,0.04,0.01,0,315.62,724.53,1800.00,4.65,0.63,0
"2020-06-24T16:00:00Z","2020-06-24T16:30:00Z",0.82,0.22,1.90,0.09,1800.00,0.04,0.01,0,15.48,465.93,1800.00,4.59,0.51,1
"2020-06-24T16:30:00Z","2020-06-24T17:00:00Z",0.90,0.14,2.44,0.17,1800.00,0.05,0.01,0,22.69,376.29,1800.00,4.56,0.46,1
"2020-06-24T17:00:00Z","2020-06-24T17:30:00Z",1.23,0.13,4.29,0.35,1793.00,0.09,0.01,0,357.26,1123.67,1793.00,4.74,0.79,1
"2020-06-24T17:30:00Z","2020-06-24T18:00:00Z",1.48,0.02,3.97,0.65,1800.00,0.09,0.02,0,157.07,5435.00,1800.00,5.66,1.74,0
"2020-06-24T18:00:00Z","2020-06-24T18:30:00Z",3.18,0.73,6.04,1.00,1800.00,0.16,0.02,0,129.75,266.32,1800.00,4.54,0.38,0
"2020-06-24T18:30:00Z","2020-06-24T19:00:00Z",3.56,0.80,6.90,1.19,1800.00,0.21,0.03,0,162.57,1337.21,1800.00,4.79,0.86,0
"2020-06-24T19:00:00Z","2020-06-24T19:30:00Z",4.45,1.24,9.28,1.84,1800.00,0.34,0.03,0,184.75,433.10,1800.00,4.58,0.49,0
"2020-06-24T19:30:00Z","2020-06-24T20:00:00Z",3.73,0.98,6.80,1.05,1800.00,0.20,0.02,0,187.84,390.32,1800.00,4.57,0.47,0
"2020-06-24T20:00:00Z","2020-06-24T20:30:00Z",3.20,0.62,6.10,0.97,1800.00,0.17,0.02,0,160.14,793.88,1800.00,4.67,0.66,0
"2020-06-24T20:30:00Z","2020-06-24T21:00:00Z",4.26,1.09,8.17,1.78,1800.00,0.28,0.03,0,157.47,459.49,1800.00,4.58,0.51,0
"2020-06-24T21:00:00Z","2020-06-24T21:30:00Z",5.77,2.00,10.17,1.62,1800.00,0.38,0.03,0,163.93,156.36,1800.00,4.51,0.29,0
"2020-06-24T21:30:00Z","2020-06-24T22:00:00Z",5.12,1.68,8.92,1.38,1788.00,0.32,0.03,0,157.22,144.00,1788.00,4.51,0.28,0
"2020-06-24T22:00:00Z","2020-06-24T22:30:00Z",5.40,2.24,9.76,1.53,1800.00,0.36,0.03,0,172.58,215.39,1800.00,4.53,0.35,0
"2020-06-24T22:30:00Z","2020-06-24T23:00:00Z",4.44,0.25,9.26,2.24,1800.00,0.34,0.04,0,169.04,396.49,1800.00,4.57,0.47,0
"2020-06-24T23:00:00Z","2020-06-24T23:30:00Z",4.76,1.01,8.40,1.38,1800.00,0.29,0.03,0,154.04,214.38,1800.00,4.53,0.35,0
"2020-06-24T23:30:00Z","2020-06-25T00:00:00Z",5.37,2.12,10.69,1.66,1800.00,0.41,0.03,0,145.02,310.61,1800.00,4.55,0.42,0
"2020-06-25T00:00:00Z","2020-06-25T00:30:00Z",4.72,1.78,8.91,1.32,1800.00,0.32,0.03,0,153.67,444.85,1800.00,4.58,0.50,0
"2020-06-25T00:30:00Z","2020-06-25T01:00:00Z",4.84,1.28,8.98,1.48,1800.00,0.32,0.03,0,149.17,697.12,1800.00,4.64,0.62,0
"2020-06-25T01:00:00Z","2020-06-25T01:30:00Z",3.91,0.39,9.55,2.76,1800.00,0.35,0.04,0,187.19,2135.59,1800.00,4.97,1.09,0
"2020-06-25T01:30:00Z","2020-06-25T02:00:00Z",4.63,1.37,8.85,1.67,1791.00,0.31,0.03,0,130.31,456.28,1791.00,4.58,0.50,0
"2020-06-25T02:00:00Z","2020-06-25T02:30:00Z",5.11,2.29,8.97,1.35,1800.00,0.32,0.03,0,148.70,303.23,1800.00,4.55,0.41,0
"2020-06-25T02:30:00Z","2020-06-25T03:00:00Z",5.71,1.70,10.27,1.86,1800.00,0.39,0.03,0,170.44,317.19,1800.00,4.55,0.42,0
"2020-06-25T03:00:00Z","2020-06-25T03:30:00Z",5.05,1.26,9.03,1.55,1800.00,0.32,0.03,0,194.68,258.68,1800.00,4.54,0.38,0
"2020-06-25T03:30:00Z","2020-06-25T04:00:00Z",4.68,0.78,9.81,2.59,1800.00,0.37,0.04,0,226.61,577.31,1800.00,4.61,0.57,0
"2020-06-25T04:00:00Z","2020-06-25T04:30:00Z",3.47,0.25,6.97,1.19,1800.00,0.21,0.03,0,235.61,978.55,1800.00,4.71,0.74,0
"2020-06-25T04:30:00Z","2020-06-25T05:00:00Z",3.31,1.29,6.85,0.91,1800.00,0.21,0.02,0,207.92,260.04,1800.00,4.54,0.38,0
"2020-06-25T05:00:00Z","2020-06-25T05:30:00Z",3.23,1.12,6.83,1.01,1800.00,0.20,0.02,0,199.58,196.49,1800.00,4.52,0.33,0
"2020-06-25T05:30:00Z","2020-06-25T06:00:00Z",3.47,0.72,8.13,1.65,1800.00,0.28,0.03,0,169.94,204.91,1800.00,4.52,0.34,0
"2020-06-25T06:00:00Z","2020-06-25T06:30:00Z",1.19,0.24,2.82,0.27,1789.00,0.06,0.01,0,20.80,959.20,1789.00,4.71,0.73,1
"2020-06-25T06:30:00Z","2020-06-25T07:00:00Z",1.53,0.10,3.56,0.48,1800.00,0.08,0.02,0,328.12,3955.43,1800.00,5.37,1.48,1
"2020-06-25T07:00:00Z","2020-06-25T07:30:00Z",1.37,0.07,4.10,0.43,1800.00,0.09,0.02,0,87.63,6224.99,1800.00,5.82,1.86,1
"2020-06-25T07:30:00Z","2020-06-25T08:00:00Z",1.86,0.08,4.34,0.79,1800.00,0.10,0.02,0,67.89,1904.17,1800.00,4.92,1.03,1
"2020-06-25T08:00:00Z","2020-06-25T08:30:00Z",1.72,0.06,4.02,0.53,1800.00,0.09,0.02,0,75.68,3049.82,1800.00,5.17,1.30,1
"2020-06-25T08:30:00Z","2020-06-25T09:00:00Z",0.99,0.02,2.86,0.28,1800.00,0.06,0.01,0,121.83,4293.40,1800.00,5.44,1.54,0
"2020-06-25T09:00:00Z","2020-06-25T09:30:00Z",1.17,0.01,4.15,0.45,1800.00,0.09,0.02,0,72.16,2727.80,1800.00,5.11,1.23,1
"2020-06-25T09:30:00Z","2020-06-25T10:00:00Z",1.92,0.30,5.18,0.96,1800.00,0.12,0.02,0,120.68,555.02,1800.00,4.61,0.56,0
"2020-06-25T10:00:00Z","2020-06-25T10:30:00Z",2.95,0.32,7.67,1.72,1788.00,0.25,0.03,0,132.63,1651.50,1788.00,4.87,0.96,0
"2020-06-25T10:30:00Z","2020-06-25T11:00:00Z",0.76,0.00,2.61,0.17,1800.00,0.06,0.01,0,20.63,5522.52,1800.00,5.68,1.75,1
"2020-06-25T11:00:00Z","2020-06-25T11:30:00Z",2.19,0.03,5.17,1.18,1800.00,0.12,0.03,0,112.97,3562.92,1800.00,5.28,1.41,0
"2020-06-25T11:30:00Z","2020-06-25T12:00:00Z",2.33,0.04,4.86,1.45,1800.00,0.11,0.03,0,100.23,4350.71,1800.00,5.45,1.55,0
"2020-06-25T12:00:00Z","2020-06-25T12:30:00Z",1.14,0.12,3.70,0.40,1800.00,0.08,0.01,0,100.59,6058.97,1800.00,5.78,1.83,1
"2020-06-25T12:30:00Z","2020-06-25T13:00:00Z",0.86,0.00,2.29,0.20,1800.00,0.05,0.01,0,98.49,5303.04,1800.00,5.64,1.72,0
"2020-06-25T13:00:00Z","2020-06-25T13:30:00Z",0.95,0.06,2.65,0.23,1800.00,0.06,0.01,0,28.13,3481.98,1800.00,5.27,1.39,1
"2020-06-25T13:30:00Z","2020-06-25T14:00:00Z",1.08,0.00,2.47,0.29,1800.00,0.06,0.01,0,347.73,7069.64,1800.00,5.98,1.98,1
"2020-06-25T14:00:00Z","2020-06-25T14:30:00Z",1.08,0.00,2.78,0.35,1800.00,0.06,0.01,0,13.38,3994.28,1800.00,5.37,1.49,1
"2020-06-25T14:30:00Z","2020-06-25T15:00:00Z",1.25,0.09,2.40,0.20,1790.00,0.05,0.01,0,63.71,1349.65,1790.00,4.80,0.87,1
"2020-06-25T15:00:00Z","2020-06-25T15:30:00Z",1.06,0.05,2.66,0.27,1800.00,0.06,0.01,0,35.98,420.99,1800.00,4.58,0.48,1
"2020-06-25T15:30:00Z","2020-06-25T16:00:00Z",0.97,0.00,2.54,0.19,1800.00,0.06,0.01,0,24.45,1081.20,1800.00,4.73,0.78,1
"2020-06-25T16:00:00Z","2020-06-25T16:30:00Z",2.01,0.05,4.99,1.22,1800.00,0.11,0.03,0,93.16,947.51,1800.00,4.70,0.73,0
"2020-06-25T16:30:00Z","2020-06-25T17:00:00Z",3.82,1.28,6.34,0.89,1800.00,0.18,0.02,0,124.51,297.72,1800.00,4.55,0.41,0
"2020-06-25T17:00:00Z","2020-06-25T17:30:00Z",3.06,0.42,6.71,1.01,1800.00,0.20,0.02,0,134.26,783.30,1800.00,4.66,0.66,0
"2020-06-25T17:30:00Z","2020-06-25T18:00:00Z",3.11,0.89,6.58,0.88,1800.00,0.19,0.02,0,147.76,965.57,1800.00,4.71,0.73,0
"2020-06-25T18:00:00Z","2020-06-25T18:30:00Z",3.66,0.59,6.30,0.91,1800.00,0.18,0.02,0,142.06,968.24,1800.00,4.71,0.73,0
"2020-06-25T18:30:00Z","2020-06-25T19:00:00Z",3.85,0.40,8.43,2.04,1792.00,0.29,0.03,0,133.29,2076.60,1792.00,4.96,1.08,0
"2020-06-25T19:00:00Z","2020-06-25T19:30:00Z",5.10,1.57,12.64,1.84,1800.00,0.53,0.03,0,109.35,476.01,1800.00,4.59,0.51,0
"2020-06-25T19:30:00Z","2020-06-25T20:00:00Z",3.12,0.33,7.36,1.37,1800.00,0.23,0.03,0,159.66,834.49,1800.00,4.67,0.68,0
"2020-06-25T20:00:00Z","2020-06-25T20:30:00Z",3.73,0.35,8.37,1.68,1800.00,0.29,0.03,0,130.28,709.03,1800.00,4.64,0.63,0
"2020-06-25T20:30:00Z","2020-06-25T21:00:00Z",3.10,0.44,6.51,1.57,1800.00,0.19,0.03,0,154.50,1149.32,1800.00,4.75,0.80,0
"2020-06-25T21:00:00Z","2020-06-25T21:30:00Z",2.93,0.14,6.49,1.39,1800.00,0.19,0.03,0,181.07,1519.03,1800.00,4.83,0.92,0
"2020-06-25T21:30:00Z","2020-06-25T22:00:00Z",3.59,0.28,9.29,2.24,1800.00,0.34,0.04,0,173.14,1095.33,1800.00,4.74,0.78,0
"2020-06-25T22:00:00Z","2020-06-25T22:30:00Z",3.70,0.45,7.83,2.00,1800.00,0.26,0.03,0,171.74,1258.07,1800.00,4.77,0.84,0
"2020-06-25T22:30:00Z","2020-06-25T23:00:00Z",3.95,0.65,10.58,2.11,1800.00,0.41,0.03,0,166.89,827.22,1800.00,4.67,0.68,0
"2020-06-25T23:00:00Z","2020-06-25T23:30:00Z",3.89,1.50,7.28,1.11,1795.00,0.23,0.02,0,148.85,418.90,1795.00,4.58,0.48,0
"2020-06-25T23:30:00Z","2020-06-26T00:00:00Z",4.31,0.86,8.97,2.44,1800.00,0.32,0.04,0,192.18,670.64,1800.00,4.64,0.61,0
"2020-06-26T00:00:00Z","2020-06-26T00:30:00Z",4.78,0.60,8.60,1.87,1800.00,0.30,0.03,0,193.08,462.24,1800.00,4.59,0.51,0
"2020-06-26T00:30:00Z","2020-06-26T01:00:00Z",3.27,0.76,7.68,1.33,1800.00,0.25,0.03,0,175.95,789.41,1800.00,4.66,0.66,0
"2020-06-26T01:00:00Z","2020-06-26T01:30:00Z",3.82,0.92,8.28,1.79,1800.00,0.28,0.03,0,194.70,492.32,1800.00,4.59,0.52,0
"2020-06-26T01:30:00Z","2020-06-26T02:00:00Z",3.80,1.15,7.44,0.97,1800.00,0.24,0.02,0,210.35,830.84,1800.00,4.67,0.68,0
"2020-06-26T02:00:00Z","2020-06-26T02:30:00Z",2.87,0.83,6.58,1.04,1800.00,0.19,0.02,0,232.81,961.54,1800.00,4.70,0.73,0
"2020-06-26T02:30:00Z","2020-06-26T03:00:00Z",6.76,2.71,10.85,2.28,1800.00,0.42,0.04,0,262.72,128.74,1800.00,4.50,0.27,0
"2020-06-26T03:00:00Z","2020-06-26T03:30:00Z",5.77,2.38,9.70,1.68,1793.00,0.36,0.03,0,270.02,140.88,1793.00,4.51,0.28,0
"2020-06-26T03:30:00Z","2020-06-26T04:00:00Z",5.31,2.68,8.50,0.78,1800.00,0.29,0.02,0,267.82,152.02,1800.00,4.51,0.29,0
"2020-06-26T04:00:00Z","2020-06-26T04:30:00Z",4.62,2.01,7.63,0.98,1800.00,0.25,0.02,0,267.96,159.70,1800.00,4.51,0.30,0
"2020-06-26T04:30:00Z","2020-06-26T05:00:00Z",4.34,2.01,6.77,0.68,1800.00,0.20,0.02,0,266.01,230.10,1800.00,4.53,0.36,0
"2020-06-26T05:00:00Z","2020-06-26T05:30:00Z",4.24,1.64,6.56,0.66,1800.00,0.19,0.02,0,264.51,102.59,1800.00,4.50,0.24,0
"2020-06-26T05:30:00Z","2020-06-26T06:00:00Z",3.47,1.50,5.66,0.60,1800.00,0.14,0.02,0,259.19,130.12,1800.00,4.50,0.27,0
"2020-06-26T06:00:00Z","2020-06-26T06:30:00Z",1.69,0.16,4.74,0.79,1800.00,0.10,0.02,0,286.36,5314.87,1800.00,5.64,1.72,1
"2020-06-26T06:30:00Z","2020-06-26T07:00:00Z",1.62,0.97,2.29,0.03,1800.00,0.05,0.00,0,226.30,312.30,1800.00,4.55,0.42,0
"2020-06-26T07:00:00Z","2020-06-26T07:30:00Z",2.01,1.50,2.99,0.09,1800.00,0.06,0.01,0,227.02,306.90,1800.00,4.55,0.41,0
"2020-06-26T07:30:00Z","2020-06-26T08:00:00Z",3.02,2.49,3.43,0.03,1793.00,0.07,0.00,0,203.07,7.41,1793.00,4.47,0.06,0
"2020-06-26T08:00:00Z","2020-06-26T08:30:00Z",3.23,2.73,3.72,0.02,1800.00,0.08,0.00,0,205.65,13.57,1800.00,4.48,0.09,0
"2020-06-26T08:30:00Z","2020-06-26T09:00:00Z",2.86,2.28,3.39,0.03,1800.00,0.07,0.00,0,204.86,11.54,1800.00,4.48,0.08,0
"2020-06-26T09:00:00Z","2020-06-26T09:30:00Z",3.22,2.05,3.77,0.05,1800.00,0.08,0.01,0,211.06,22.81,1800.00,4.48,0.11,0
"2020-06-26T09:30:00Z","2020-06-26T10:00:00Z",3.04,2.35,3.57,0.03,1800.00,0.07,0.00,0,201.10,7.57,1800.00,4.47,0.06,0
"2020-06-26T10:00:00Z","2020-06-26T10:30:00Z",3.26,2.24,3.90,0.05,1800.00,0.08,0.01,0,207.33,40.76,1800.00,4.48,0.15,0
"2020-06-26T10:30:00Z","2020-06-26T11:00:00Z",3.40,1.79,4.15,0.09,1800.00,0.09,0.01,0,212.93,33.35,1800.00,4.48,0.14,0
"2020-06-26T11:00:00Z","2020-06-26T11:30:00Z",3.36,2.67,3.93,0.03,1800.00,0.08,0.00,0,212.28,34.91,1800.00,4.48,0.14,0
"2020-06-26T11:30:00Z","2020-06-26T12:00:00Z",3.17,2.51,3.69,0.05,1797.00,0.08,0.01,0,233.26,28.63,1797.00,4.48,0.13,0
"2020-06-26T12:00:00Z","2020-06-26T12:30:00Z",2.73,1.45,3.57,0.13,1797.00,0.07,0.01,0,233.04,710.75,1797.00,4.65,0.63,0
"2020-06-26T12:30:00Z","2020-06-26T13:00:00Z",2.94,2.30,3.72,0.04,1800.00,0.08,0.00,0,247.61,35.46,1800.00,4.48,0.14,0
"2020-06-26T13:00:00Z","2020-06-26T13:30:00Z",2.90,1.91,3.90,0.07,1800.00,0.08,0.01,0,248.39,16.71,1800.00,4.48,0.10,0
"2020-06-26T13:30:00Z","2020-06-26T14:00:00Z",2.76,1.86,3.42,0.07,1800.00,0.07,0.01,0,229.15,67.67,1800.00,4.49,0.19,0
"2020-06-26T14:00:00Z","2020-06-26T14:30:00Z",2.38,1.31,3.53,0.15,1800.00,0.07,0.01,0,248.47,76.81,1800.00,4.49,0.21,0
"2020-06-26T14:30:00Z","2020-06-26T15:00:00Z",2.98,1.59,4.21,0.20,1800.00,0.09,0.01,0,252.74,42.34,1800.00,4.48,0.15,0
"2020-06-26T15:00:00Z","2020-06-26T15:30:00Z",2.81,1.45,4.02,0.18,1800.00,0.08,0.01,0,261.88,45.55,1800.00,4.48,0.16,0
"2020-06-26T15:30:00Z","2020-06-26T16:00:00Z",1.99,0.66,3.22,0.23,1800.00,0.07,0.01,0,273.98,169.85,1800.00,4.51,0.31,0
"2020-06-26T16:00:00Z","2020-06-26T16:30:00Z",3.07,0.90,5.02,0.61,1792.00,0.11,0.02,0,267.53,177.02,1792.00,4.52,0.31,0
"2020-06-26T16:30:00Z","2020-06-26T17:00:00Z",3.95,1.54,6.00,0.50,1800.00,0.16,0.02,0,262.71,97.79,1800.00,4.50,0.23,0
"2020-06-26T17:00:00Z","2020-06-26T17:30:00Z",4.37,1.84,6.81,0.71,1800.00,0.20,0.02,0,276.79,178.86,1800.00,4.52,0.32,0
"2020-06-26T17:30:00Z","2020-06-26T18:00:00Z",3.83,0.57,6.63,0.86,1800.00,0.19,0.02,0,275.60,300.43,1800.00,4.55,0.41,0
"2020-06-26T18:00:00Z","2020-06-26T18:30:00Z",3.10,0.24,5.77,1.36,1800.00,0.15,0.03,0,270.46,546.60,1800.00,4.61,0.55,0
"2020-06-26T18:30:00Z","2020-06-26T19:00:00Z",3.88,0.49,7.25,2.00,1800.00,0.23,0.03,0,290.65,334.53,1800.00,4.55,0.43,0
"2020-06-26T19:00:00Z","2020-06-26T19:30:00Z",5.13,2.79,8.49,1.12,1800.00,0.29,0.02,0,282.29,267.31,1800.00,4.54,0.39,0
"2020-06-26T19:30:00Z","2020-06-26T20:00:00Z",3.46,1.72,5.77,0.49,1800.00,0.15,0.02,0,246.62,405.93,1800.00,4.57,0.47,0
"2020-06-26T20:00:00Z","2020-06-26T20:30:00Z",1.08,0.04,4.26,0.48,1800.00,0.09,0.02,0,319.45,5719.97,1800.00,5.72,1.78,1
"2020-06-26T20:30:00Z","2020-06-26T21:00:00Z",4.14,0.61,7.74,2.05,1790.00,0.26,0.03,0,312.15,392.34,1790.00,4.57,0.47,0
"2020-06-26T21:00:00Z","2020-06-26T21:30:00Z",3.36,0.38,7.21,1.48,1800.00,0.23,0.03,0,285.52,679.82,1800.00,4.64,0.61,0
"2020-06-26T21:30:00Z","2020-06-26T22:00:00Z",2.64,0.12,5.16,0.58,1800.00,0.11,0.02,0,276.90,499.30,1800.00,4.59,0.53,0
"2020-06-26T22:00:00Z","2020-06-26T22:30:00Z",3.34,0.51,6.45,1.19,1800.00,0.19,0.03,0,264.69,536.39,1800.00,4.60,0.55,0
"2020-06-26T22:30:00Z","2020-06-26T23:00:00Z",2.13,0.04,4.25,0.69,1800.00,0.09,0.02,0,274.84,1344.43,1800.00,4.79,0.86,0
"2020-06-26T23:00:00Z","2020-06-26T23:30:00Z",2.25,0.09,4.41,0.73,1800.00,0.10,0.02,0,244.15,1130.14,1800.00,4.74,0.79,0
"2020-06-26T23:30:00Z","2020-06-27T00:00:00Z",4.88,0.38,10.62,4.93,1800.00,0.42,0.05,0,260.24,613.37,1800.00,4.62,0.58,0
"2020-06-27T00:00:00Z","2020-06-27T00:30:00Z",6.15,3.24,10.08,0.93,1800.00,0.38,0.02,0,277.76,215.59,1800.00,4.53,0.35,0
"2020-06-27T00:30:00Z","2020-06-27T01:00:00Z",4.47,1.07,8.59,1.98,1789.00,0.30,0.03,0,295.47,179.81,1789.00,4.52,0.32,0
"2020-06-27T01:00:00Z","2020-06-27T01:30:00Z",1.77,0.13,3.99,0.70,1800.00,0.09,0.02,0,339.27,957.79,1800.00,4.70,0.73,1
"2020-06-27T01:30:00Z","2020-06-27T02:00:00Z",1.88,0.02,6.45,0.84,1800.00,0.18,0.02,0,272.71,2190.27,1800.00,4.99,1.10,0
"2020-06-27T02:00:00Z","2020-06-27T02:30:00Z",4.83,0.48,11.07,5.09,1800.00,0.44,0.05,0,248.96,303.59,1800.00,4.55,0.41,0
"2020-06-27T02:30:00Z","2020-06-27T03:00:00Z",6.47,2.92,10.26,1.35,1800.00,0.39,0.03,0,256.68,112.92,1800.00,4.50,0.25,0
"2020-06-27T03:00:00Z","2020-06-27T03:30:00Z",5.08,1.72,8.86,1.34,1800.00,0.31,0.03,0,254.22,94.80,1800.00,4.50,0.23,0
"2020-06-27T03:30:00Z","2020-06-27T04:00:00Z",3.88,1.15,7.06,0.94,1800.00,0.22,0.02,0,268.39,290.34,1800.00,4.54,0.40,0
"2020-06-27T04:00:00Z","2020-06-27T04:30:00Z",3.33,1.05,6.09,0.94,1800.00,0.17,0.02,0,279.65,287.26,1800.00,4.54,0.40,0
"2020-06-27T04:30:00Z","2020-06-27T05:00:00Z",3.14,0.27,6.04,0.70,1800.00,0.16,0.02,0,265.67,309.37,1800.00,4.55,0.41,0
"2020-06-27T05:00:00Z","2020-06-27T05:30:00Z",3.02,1.54,5.45,0.48,1790.00,0.13,0.02,0,268.69,141.80,1790.00,4.51,0.28,0
"2020-06-27T05:30:00Z","2020-06-27T06:00:00Z",2.27,1.06,3.27,0.13,1800.00,0.07,0.01,0,278.75,63.66,1800.00,4.49,0.19,0
"2020-06-27T06:00:00Z","2020-06-27T06:30:00Z",3.60,1.84,6.20,0.67,1800.00,0.17,0.02,0,277.67,57.31,1800.00,4.49,0.18,0
"2020-06-27T06:30:00Z","2020-06-27T07:00:00Z",4.10,2.08,7.06,0.77,1800.00,0.22,0.02,0,253.03,201.42,1800.00,4.52,0.33,0
"2020-06-27T07:00:00Z","2020-06-27T07:30:00Z",4.70,2.85,7.48,0.57,1800.00,0.24,0.02,0,249.32,50.41,1800.00,4.48,0.17,0
"2020-06-27T07:30:00Z","2020-06-27T08:00:00Z",4.66,2.39,7.83,0.63,1800.00,0.26,0.02,0,251.96,38.31,1800.00,4.48,0.15,0
"2020-06-27T08:00:00Z","2020-06-27T08:30:00Z",3.42,1.86,5.43,0.24,1800.00,0.13,0.01,0,264.90,38.57,1800.00,4.48,0.15,0
"2020-06-27T08:30:00Z","2020-06-27T09:00:00Z",3.43,2.01,5.33,0.28,1800.00,0.12,0.01,0,257.19,52.68,1800.00,4.49,0.17,0
"2020-06-27T09:00:00Z","2020-06-27T09:30:00Z",2.97,1.98,4.13,0.13,1794.00,0.09,0.01,0,264.78,126.69,1794.00,4.50,0.27,0
"2020-06-27T09:30:00Z","2020-06-27T10:00:00Z",3.31,2.27,4.78,0.13,1800.00,0.10,0.01,0,253.77,21.68,1800.00,4.48,0.11,0
"2020-06-27T10:00:00Z","2020-06-27T10:30:00Z",3.24,2.18,4.28,0.13,1800.00,0.09,0.01,0,259.09,28.06,1800.00,4.48,0.12,0
"2020-06-27T10:30:00Z","2020-06-27T11:00:00Z",3.29,1.99,4.77,0.20,1800.00,0.10,0.01,0,253.95,38.07,1800.00,4.48,0.15,0
"2020-06-27T11:00:00Z","2020-06-27T11:30:00Z",3.23,1.80,5.07,0.20,1800.00,0.11,0.01,0,264.78,53.62,1800.00,4.49,0.17,0
"2020-06-27T11:30:00Z","2020-06-27T12:00:00Z",3.20,1.22,5.37,0.42,1800.00,0.12,0.02,0,265.29,105.26,1800.00,4.50,0.24,0
"2020-06-27T12:00:00Z","2020-06-27T12:30:00Z",2.05,0.68,4.17,0.27,1800.00,0.09,0.01,0,241.08,109.02,1800.00,4.50,0.25,0
"2020-06-27T12:30:00Z","2020-06-27T13:00:00Z",1.32,0.48,2.66,0.15,1800.00,0.06,0.01,0,213.98,986.78,1800.00,4.71,0.74,0
"2020-06-27T13:00:00Z","2020-06-27T13:30:00Z",1.35,0.02,2.48,0.30,1800.00,0.06,0.01,0,177.43,1381.11,1800.00,4.80,0.88,0
"2020-06-27T13:30:00Z","2020-06-27T14:00:00Z",1.22,0.40,2.17,0.08,1793.00,0.05,0.01,0,194.15,362.61,1793.00,4.56,0.45,0
"2020-06-27T14:00:00Z","2020-06-27T14:30:00Z",1.94,0.96,3.35,0.11,1800.00,0.07,0.01,0,183.12,382.24,1800.00,4.57,0.46,0
"2020-06-27T14:30:00Z","2020-06-27T15:00:00Z",1.97,0.85,3.37,0.15,1800.00,0.07,0.01,0,236.98,229.30,1800.00,4.53,0.36,0
"2020-06-27T15:00:00Z","2020-06-27T15:30:00Z",1.63,0.66,2.54,0.09,1800.00,0.05,0.01,0,264.16,109.29,1800.00,4.50,0.25,0
"2020-06-27T15:30:00Z","2020-06-27T16:00:00Z",1.48,0.47,2.29,0.07,1800.00,0.05,0.01,0,274.93,294.69,1800.00,4.54,0.40,0
"2020-06-27T16:00:00Z","2020-06-27T16:30:00Z",1.21,0.06,2.69,0.29,1800.00,0.06,0.01,0,303.93,2354.17,1800.00,5.02,1.14,0
"2020-06-27T16:30:00Z","2020-06-27T17:00:00Z",1.14,0.01,3.22,0.26,1800.00,0.07,0.01,0,277.52,1768.27,1800.00,4.89,0.99,0
"2020-06-27T17:00:00Z","2020-06-27T17:30:00Z",1.51,0.02,4.59,0.65,1800.00,0.10,0.02,0,291.54,4075.77,1800.00,5.39,1.50,0
"2020-06-27T17:30:00Z","2020-06-27T18:00:00Z",1.51,0.02,4.13,0.67,1800.00,0.09,0.02,0,326.89,6633.16,1800.00,5.89,1.92,0
"2020-06-27T18:00:00Z","2020-06-27T18:30:00Z",1.92,0.07,5.59,0.68,1794.00,0.14,0.02,0,101.08,1366.14,1794.00,4.80,0.87,0
"2020-06-27T18:30:00Z","2020-06-27T19:00:00Z",2.37,0.03,4.97,1.10,1800.00,0.11,0.02,0,56.94,669.59,1800.00,4.64,0.61,1
"2020-06-27T19:00:00Z","2020-06-27T19:30:00Z",2.49,0.11,5.92,1.34,1800.00,0.16,0.03,0,66.55,789.17,1800.00,4.66,0.66,0
"2020-06-27T19:30:00Z","2020-06-27T20:00:00Z",2.86,0.20,6.84,1.92,1800.00,0.21,0.03,0,50.16,1144.81,1800.00,4.75,0.80,1
"2020-06-27T20:00:00Z","2020-06-27T20:30:00Z",2.87,0.28,6.38,1.40,1800.00,0.18,0.03,0,59.29,878.71,1800.00,4.69,0.70,1
"2020-06-27T20:30:00Z","2020-06-27T21:00:00Z",2.52,0.14,6.44,1.65,1800.00,0.19,0.03,0,78.84,1965.74,1800.00,4.94,1.05,0
"2020-06-27T21:00:00Z","2020-06-27T21:30:00Z",2.20,0.11,6.41,1.66,1800.00,0.19,0.03,0,54.36,3463.98,1800.00,5.26,1.39,1
"2020-06-27T21:30:00Z","2020-06-27T22:00:00Z",2.03,0.05,5.30,1.17,1800.00,0.13,0.03,0,37.52,938.38,1800.00,4.70,0.72,1
"2020-06-27T22:00:00Z","2020-06-27T22:30:00Z",3.15,0.35,6.88,1.56,1795.00,0.21,0.03,0,56.29,681.22,1795.00,4.64,0.62,1
"2020-06-27T22:30:00Z","2020-06-27T23:00:00Z",1.71,0.08,4.53,0.62,1800.00,0.10,0.02,0,44.68,5013.20,1800.00,5.58,1.67,1
"2020-06-27T23:00:00Z","2020-06-27T23:30:00Z",2.11,0.04,7.44,1.79,1800.00,0.24,0.03,0,98.83,5716.63,1800.00,5.72,1.78,0
"2020-06-27T23:30:00Z","2020-06-28T00:00:00Z",2.08,0.02,5.82,0.85,1800.00,0.15,0.02,0,126.91,4143.76,1800.00,5.40,1.52,0
"2020-06-28T00:00:00Z","2020-06-28T00:30:00Z",2.08,0.05,5.37,1.24,1800.00,0.13,0.03,0,128.77,2071.77,1800.00,4.96,1.07,0
"2020-06-28T00:30:00Z","2020-06-28T01:00:00Z",3.51,0.25,7.53,2.16,1800.00,0.25,0.03,0,130.72,1056.69,1800.00,4.73,0.77,0
"2020-06-28T01:00:00Z","2020-06-28T01:30:00Z",4.11,1.10,8.45,1.72,1800.00,0.29,0.03,0,136.59,420.53,1800.00,4.58,0.48,0
"2020-06-28T01:30:00Z","2020-06-28T02:00:00Z",4.26,0.72,8.36,2.01,1800.00,0.29,0.03,0,145.40,358.06,1800.00,4.56,0.45,0
"2020-06-28T02:00:00Z","2020-06-28T02:30:00Z",4.20,0.76,7.91,1.98,1794.00,0.27,0.03,0,153.18,240.03,1794.00,4.53,0.37,0
"2020-06-28T02:30:00Z","2020-06-28T03:00:00Z",4.09,1.52,7.39,1.34,1800.00,0.24,0.03,0,146.66,258.46,1800.00,4.54,0.38,0
"2020-06-28T03:00:00Z","2020-06-28T03:30:00Z",3.70,1.45,6.66,0.85,1800.00,0.19,0.02,0,148.77,225.22,1800.00,4.53,0.35,0
"2020-06-28T03:30:00Z","2020-06-28T04:00:00Z",3.49,0.08,6.41,1.46,1800.00,0.19,0.03,0,158.39,856.05,1800.00,4.68,0.69,0
"2020-06-28T04:00:00Z","2020-06-28T04:30:00Z",3.11,0.48,6.30,0.82,1800.00,0.18,0.02,0,183.45,465.06,1800.00,4.59,0.51,0
"2020-06-28T04:30:00Z","2020-06-28T05:00:00Z",5.15,2.11,10.79,1.78,1800.00,0.42,0.03,0,187.13,96.19,1800.00,4.50,0.23,0
"2020-06-28T05:00:00Z","2020-06-28T05:30:00Z",4.69,2.16,9.54,1.11,1800.00,0.35,0.02,0,186.11,126.41,1800.00,4.50,0.27,0
"2020-06-28T05:30:00Z","2020-06-28T06:00:00Z",3.04,1.47,5.73,0.50,1800.00,0.14,0.02,0,174.87,92.28,1800.00,4.50,0.23,0
"2020-06-28T06:00:00Z","2020-06-28T06:30:00Z",4.66,2.05,8.80,1.16,1800.00,0.31,0.03,0,177.44,123.44,1800.00,4.50,0.26,0
"2020-06-28T06:30:00Z","2020-06-28T07:00:00Z",5.07,2.14,8.08,0.92,1791.00,0.27,0.02,0,175.38,47.45,1791.00,4.48,0.16,0
"2020-06-28T07:00:00Z","2020-06-28T07:30:00Z",4.14,1.88,7.41,0.85,1800.00,0.23,0.02,0,184.28,72.58,1800.00,4.49,0.20,0
"2020-06-28T07:30:00Z","2020-06-28T08:00:00Z",4.26,1.98,9.18,1.50,1800.00,0.33,0.03,0,192.27,88.57,1800.00,4.49,0.22,0
"2020-06-28T08:00:00Z","2020-06-28T08:30:00Z",3.09,0.15,7.05,0.71,1800.00,0.21,0.02,0,193.61,965.95,1800.00,4.71,0.73,0
"2020-06-28T08:30:00Z","2020-06-28T09:00:00Z",3.34,1.34,5.93,0.57,1800.00,0.15,0.02,0,182.97,101.05,1800.00,4.50,0.24,0
"2020-06-28T09:00:00Z","2020-06-28T09:30:00Z",3.35,1.73,6.63,0.44,1800.00,0.19,0.02,0,189.37,117.23,1800.00,4.50,0.26,0
"2020-06-28T09:30:00Z","2020-06-28T10:00:00Z",4.13,1.04,8.64,1.55,1800.00,0.30,0.03,0,199.75,215.20,1800.00,4.53,0.35,0
"2020-06-28T10:00:00Z","2020-06-28T10:30:00Z",2.89,0.07,6.58,1.02,1800.00,0.19,0.02,0,182.33,732.70,1800.00,4.65,0.64,0
"2020-06-28T10:30:00Z","2020-06-28T11:00:00Z",3.10,0.68,6.05,0.84,1793.00,0.16,0.02,0,174.98,319.64,1793.00,4.55,0.42,0
"2020-06-28T11:00:00Z","2020-06-28T11:30:00Z",4.45,1.06,9.90,3.05,1800.00,0.37,0.04,0,138.82,539.06,1800.00,4.60,0.55,0
"2020-06-28T11:30:00Z","2020-06-28T12:00:00Z",7.38,2.05,15.37,4.46,1800.00,0.73,0.05,0,167.28,166.24,1800.00,4.51,0.30,0
"2020-06-28T12:00:00Z","2020-06-28T12:30:00Z",7.31,3.32,13.58,2.75,1800.00,0.60,0.04,0,169.03,75.27,1800.00,4.49,0.20,0
"2020-06-28T12:30:00Z","2020-06-28T13:00:00Z",5.68,1.99,11.75,3.36,1800.00,0.47,0.04,0,165.14,108.89,1800.00,4.50,0.25,0
"2020-06-28T13:00:00Z","2020-06-28T13:30:00Z",3.78,1.82,6.76,0.65,1800.00,0.20,0.02,0,143.17,191.04,1800.00,4.52,0.33,0
"2020-06-28T13:30:00Z","2020-06-28T14:00:00Z",4.05,1.64,7.04,0.82,1800.00,0.21,0.02,0,141.28,269.76,1800.00,4.54,0.39,0
"2020-06-28T14:00:00Z","2020-06-28T14:30:00Z",3.94,1.83,8.73,1.03,1800.00,0.31,0.02,0,151.99,161.41,1800.00,4.51,0.30,0
"2020-06-28T14:30:00Z","2020-06-28T15:00:00Z",4.01,1.93,7.34,0.87,1800.00,0.23,0.02,0,163.63,133.83,1800.00,4.51,0.27,0
"2020-06-28T15:00:00Z","2020-06-28T15:30:00Z",3.67,1.67,7.27,0.74,1790.00,0.23,0.02,0,177.00,235.56,1790.00,4.53,0.36,0
"2020-06-28T15:30:00Z","2020-06-28T16:00:00Z",3.61,0.87,7.71,1.77,1800.00,0.25,0.03,0,174.34,165.83,1800.00,4.51,0.30,0
"2020-06-28T16:00:00Z","2020-06-28T16:30:00Z",3.49,0.71,7.02,1.24,1800.00,0.22,0.03,0,171.42,184.33,1800.00,4.52,0.32,0
"2020-06-28T16:30:00Z","2020-06-28T17:00:00Z",3.35,1.25,7.01,0.63,1800.00,0.21,0.02,0,162.16,234.74,1800.00,4.53,0.36,0
"2020-06-28T17:00:00Z","2020-06-28T17:30:00Z",4.81,2.10,9.32,1.28,1800.00,0.34,0.03,0,180.14,104.65,1800.00,4.50,0.24,0
"2020-06-28T17:30:00Z","2020-06-28T18:00:00Z",4.69,1.41,10.35,1.50,1800.00,0.39,0.03,0,184.07,215.05,1800.00,4.53,0.35,0
"2020-06-28T18:00:00Z","2020-06-28T18:30:00Z",4.13,1.57,8.34,1.06,1800.00,0.29,0.02,0,185.30,186.41,1800.00,4.52,0.32,0
"2020-06-28T18:30:00Z","2020-06-28T19:00:00Z",4.50,1.53,7.39,1.04,1800.00,0.23,0.02,0,179.25,153.84,1800.00,4.51,0.29,0
"2020-06-28T19:00:00Z","2020-06-28T19:30:00Z",4.04,2.01,7.00,0.84,1792.00,0.21,0.02,0,189.32,142.51,1792.00,4.51,0.28,0
"2020-06-28T19:30:00Z","2020-06-28T20:00:00Z",2.67,0.08,5.87,0.98,1800.00,0.15,0.02,0,166.32,1223.61,1800.00,4.77,0.82,0
"2020-06-28T20:00:00Z","2020-06-28T20:30:00Z",2.25,0.24,4.27,0.54,1800.00,0.09,0.02,0,135.14,2092.86,1800.00,4.96,1.08,0
"2020-06-28T20:30:00Z","2020-06-28T21:00:00Z",3.93,1.27,7.30,1.46,1800.00,0.23,0.03,0,125.68,581.06,1800.00,4.61,0.57,0
"2020-06-28T21:00:00Z","2020-06-28T21:30:00Z",5.18,2.15,8.01,1.06,1800.00,0.27,0.02,0,113.19,146.52,1800.00,4.51,0.29,0
"2020-06-28T21:30:00Z","2020-06-28T22:00:00Z",3.85,1.34,6.71,0.85,1800.00,0.20,0.02,0,127.27,360.54,1800.00,4.56,0.45,0
"2020-06-28T22:00:00Z","2020-06-28T22:30:00Z",4.13,2.00,7.21,0.85,1800.00,0.22,0.02,0,152.53,191.90,1800.00,4.52,0.33,0
"2020-06-28T22:30:00Z","2020-06-28T23:00:00Z",4.55,1.10,8.48,1.10,1800.00,0.29,0.02,0,146.95,111.45,1800.00,4.50,0.25,0
"2020-06-28T23:00:00Z","2020-06-28T23:30:00Z",5.83,2.34,10.39,1.71,1800.00,0.40,0.03,0,150.94,157.97,1800.00,4.51,0.30,0
"2020-06-28T23:30:00Z","2020-06-29T00:00:00Z",5.68,1.97,9.06,1.29,1788.00,0.32,0.03,0,166.24,196.30,1788.00,4.52,0.33,0
"2020-06-29T00:00:00Z","2020-06-29T00:30:00Z",4.92,1.84,9.02,1.33,1800.00,0.32,0.03,0,183.31,236.94,1800.00,4.53,0.36,0
"2020-06-29T00:30:00Z","2020-06-29T01:00:00Z",5.26,1.80,8.67,1.38,1800.00,0.30,0.03,0,188.80,215.19,1800.00,4.53,0.35,0
"2020-06-29T01:00:00Z","2020-06-29T01:30:00Z",4.61,1.41,7.84,1.11,1800.00,0.26,0.02,0,205.35,163.25,1800.00,4.51,0.30,0
"2020-06-29T01:30:00Z","2020-06-29T02:00:00Z",6.94,1.87,11.04,2.36,1800.00,0.43,0.04,0,252.88,108.36,1800.00,4.50,0.25,0
"2020-06-29T02:00:00Z","2020-06-29T02:30:00Z",6.70,3.15,10.60,1.58,1800.00,0.41,0.03,0,284.79,121.09,1800.00,4.50,0.26,0
"2020-06-29T02:30:00Z","2020-06-29T03:00:00Z",6.02,3.09,8.99,1.00,1800.00,0.32,0.02,0,279.45,74.07,1800.00,4.49,0.20,0
"2020-06-29T03:00:00Z","2020-06-29T03:30:00Z",5.65,3.20,9.73,0.88,1800.00,0.36,0.02,0,270.03,52.90,1800.00,4.49,0.17,0
"2020-06-29T03:30:00Z","2020-06-29T04:00:00Z",5.04,2.36,7.91,0.89,1793.00,0.26,0.02,0,255.60,82.58,1793.00,4.49,0.21,0
"2020-06-29T04:00:00Z","2020-06-29T04:30:00Z",4.65,2.12,7.75,1.27,1800.00,0.25,0.03,0,245.82,35.87,1800.00,4.48,0.14,0
"2020-06-29T04:30:00Z","2020-06-29T05:00:00Z",2.80,1.56,4.52,0.30,1800.00,0.09,0.01,0,248.34,73.86,1800.00,4.49,0.20,0
"2020-06-29T05:00:00Z","2020-06-29T05:30:00Z",1.72,0.60,3.89,0.27,1800.00,0.08,0.01,0,208.25,912.88,1800.00,4.69,0.71,0
"2020-06-29T05:30:00Z","2020-06-29T06:00:00Z",1.00,0.05,2.46,0.15,1800.00,0.05,0.01,0,141.54,7149.38,1800.00,5.99,1.99,1
"2020-06-29T06:00:00Z","2020-06-29T06:30:00Z",1.24,0.13,3.49,0.35,1800.00,0.08,0.01,0,50.57,405.64,1800.00,4.57,0.47,1
"2020-06-29T06:30:00Z","2020-06-29T07:00:00Z",1.31,0.46,2.17,0.12,1800.00,0.05,0.01,0,67.77,289.19,1800.00,4.54,0.40,0
"2020-06-29T07:00:00Z","2020-06-29T07:30:00Z",0.92,0.07,3.05,0.41,1800.00,0.07,0.02,0,12.71,6500.98,1800.00,5.87,1.90,0
"2020-06-29T07:30:00Z","2020-06-29T08:00:00Z",0.77,0.13,1.88,0.12,1800.00,0.04,0.01,0,318.04,3754.25,1800.00,5.32,1.44,0
"2020-06-29T08:00:00Z","2020-06-29T08:30:00Z",1.42,0.62,2.22,0.17,1790.00,0.05,0.01,0,242.28,326.24,1790.00,4.55,0.43,0
"2020-06-29T08:30:00Z","2020-06-29T09:00:00Z",1.59,0.92,2.37,0.15,1800.00,0.05,0.01,0,238.58,66.85,1800.00,4.49,0.19,0
"2020-06-29T09:00:00Z","2020-06-29T09:30:00Z",1.29,1.00,1.61,0.01,1800.00,0.03,0.00,0,216.25,236.34,1800.00,4.53,0.36,0
"2020-06-29T09:30:00Z","2020-06-29T10:00:00Z",0.91,0.06,1.60,0.11,1800.00,0.04,0.01,0,171.63,2772.49,1800.00,5.11,1.24,0
"2020-06-29T10:00:00Z","2020-06-29T10:30:00Z",0.82,0.29,1.75,0.06,1800.00,0.04,0.01,0,244.11,329.02,1800.00,4.55,0.43,0
"2020-06-29T10:30:00Z","2020-06-29T11:00:00Z",0.94,0.29,1.79,0.13,1800.00,0.04,0.01,0,233.36,738.21,1800.00,4.65,0.64,0
"2020-06-29T11:00:00Z","2020-06-29T11:30:00Z",1.43,0.28,4.02,0.48,1800.00,0.09,0.02,0,226.28,1050.19,1800.00,4.73,0.76,0
"2020-06-29T11:30:00Z","2020-06-29T12:00:00Z",2.12,1.44,2.92,0.06,1800.00,0.06,0.01,0,228.42,217.11,1800.00,4.53,0.35,0
"2020-06-29T12:00:00Z","2020-06-29T12:30:00Z",1.94,1.35,2.97,0.08,1800.00,0.06,0.01,0,229.90,245.14,1800.00,4.53,0.37,0
"2020-06-29T12:30:00Z","2020-06-29T13:00:00Z",2.37,1.66,3.28,0.07,1792.00,0.07,0.01,0,250.56,71.42,1792.00,4.49,0.20,0
"2020-06-29T13:00:00Z","2020-06-29T13:30:00Z",2.11,1.24,3.25,0.08,1800.00,0.07,0.01,0,247.51,684.54,1800.00,4.64,0.62,0
"2020-06-29T13:30:00Z","2020-06-29T14:00:00Z",2.46,1.09,4.01,0.33,1800.00,0.09,0.01,0,146.00,232.92,1800.00,4.53,0.36,0
"2020-06-29T14:00:00Z","2020-06-29T14:30:00Z",1.15,0.31,2.14,0.15,1800.00,0.05,0.01,0,93.48,695.70,1800.00,4.64,0.62,0
"2020-06-29T14:30:00Z","2020-06-29T15:00:00Z",0.58,0.03,1.27,0.07,1800.00,0.03,0.01,0,62.09,512.52,1800.00,4.60,0.53,0
"2020-06-29T15:00:00Z","2020-06-29T15:30:00Z",0.54,0.00,1.14,0.06,1800.00,0.03,0.01,0,132.01,2316.56,1800.00,5.01,1.13,0
"2020-06-29T15:30:00Z","2020-06-29T16:00:00Z",0.84,0.00,2.68,0.26,1800.00,0.06,0.01,0,81.29,1963.20,1800.00,4.94,1.04,0
"2020-06-29T16:00:00Z","2020-06-29T16:30:00Z",1.30,0.20,3.11,0.37,1800.00,0.07,0.01,0,39.85,448.80,1800.00,4.58,0.50,1
"2020-06-29T16:30:00Z","2020-06-29T17:00:00Z",1.43,0.05,3.97,0.49,1788.00,0.09,0.02,0,37.69,1034.22,1788.00,4.72,0.76,1
"2020-06-29T17:00:00Z","2020-06-29T17:30:00Z",2.13,0.21,4.83,0.94,1800.00,0.11,0.02,0,72.31,1902.69,1800.00,4.92,1.03,0
"2020-06-29T17:30:00Z","2020-06-29T18:00:00Z",1.37,0.00,4.13,0.50,1800.00,0.09,0.02,0,49.95,2689.52,1800.00,5.10,1.22,1
"2020-06-29T18:00:00Z","2020-06-29T18:30:00Z",2.04,0.06,8.06,1.74,1800.00,0.27,0.03,0,301.47,3152.95,1800.00,5.20,1.32,0
"2020-06-29T18:30:00Z","2020-06-29T19:00:00Z",1.45,0.02,3.71,0.47,1800.00,0.08,0.02,0,4.35,1983.35,1800.00,4.94,1.05,1
"2020-06-29T19:00:00Z","2020-06-29T19:30:00Z",1.10,0.02,3.05,0.28,1800.00,0.07,0.01,0,17.74,1649.17,1800.00,4.86,0.96,1
"2020-06-29T19:30:00Z","2020-06-29T20:00:00Z",2.13,0.24,4.57,1.21,1800.00,0.11,0.03,0,42.12,347.56,1800.00,4.56,0.44,1
"2020-06-29T20:00:00Z","2020-06-29T20:30:00Z",2.94,0.20,6.04,1.08,1800.00,0.16,0.02,0,74.75,469.48,1800.00,4.59,0.51,0
"2020-06-29T20:30:00Z","2020-06-29T21:00:00Z",3.38,0.36,5.67,0.57,1800.00,0.14,0.02,0,78.03,260.67,1800.00,4.54,0.38,0
"2020-06-29T21:00:00Z","2020-06-29T21:30:00Z",2.63,0.50,5.53,0.96,1793.00,0.14,0.02,0,104.96,642.42,1793.00,4.63,0.60,0
"2020-06-29T21:30:00Z","2020-06-29T22:00:00Z",1.29,0.06,3.26,0.35,1800.00,0.07,0.01,0,137.30,5448.00,1800.00,5.67,1.74,0
"2020-06-29T22:00:00Z","2020-06-29T22:30:00Z",2.36,0.08,6.12,2.11,1800.00,0.17,0.03,0,279.41,6601.32,1800.00,5.89,1.92,0
"2020-06-29T22:30:00Z","2020-06-29T23:00:00Z",3.48,0.37,6.38,0.92,1800.00,0.18,0.02,0,209.56,280.00,1800.00,4.54,0.39,0
"2020-06-29T23:00:00Z","2020-06-29T23:30:00Z",4.55,0.73,12.12,6.49,1800.00,0.50,0.06,0,236.73,507.18,1800.00,4.60,0.53,0
"2020-06-29T23:30:00Z","2020-06-30T00:00:00Z",8.58,3.58,13.50,2.36,1800.00,0.59,0.04,0,257.80,42.12,1800.00,4.48,0.15,0
"2020-06-30T00:00:00Z","2020-06-30T00:30:00Z",7.48,3.27,11.69,1.83,1800.00,0.47,0.03,0,258.63,54.00,1800.00,4.49,0.17,0
"2020-06-30T00:30:00Z","2020-06-30T01:00:00Z",6.03,3.15,9.67,1.13,1800.00,0.36,0.03,0,260.06,57.11,1800.00,4.49,0.18,0
"2020-06-30T01:00:00Z","2020-06-30T01:30:00Z",5.51,2.52,8.36,0.98,1791.00,0.29,0.02,0,265.29,69.54,1791.00,4.49,0.20,0
"2020-06-30T01:30:00Z","2020-06-30T02:00:00Z",5.49,2.16,8.39,1.05,1800.00,0.29,0.02,0,270.44,69.43,1800.00,4.49,0.20,0
"2020-06-30T02:00:00Z","2020-06-30T02:30:00Z",5.04,2.43,8.24,0.91,1800.00,0.28,0.02,0,266.29,62.98,1800.00,4.49,0.19,0
"2020-06-30T02:30:00Z","2020-06-30T03:00:00Z",4.52,2.18,7.79,0.90,1800.00,0.25,0.02,0,264.12,72.27,1800.00,4.49,0.20,0
"2020-06-30T03:00:00Z","2020-06-30T03:30:00Z",5.18,2.42,8.03,0.99,1800.00,0.27,0.02,0,265.61,43.49,1800.00,4.48,0.16,0
"2020-06-30T03:30:00Z","2020-06-30T04:00:00Z",4.24,2.29,6.91,0.54,1800.00,0.21,0.02,0,258.68,43.79,1800.00,4.48,0.16,0
"2020-06-30T04:00:00Z","2020-06-30T04:30:00Z",4.65,2.28,7.41,0.69,1800.00,0.23,0.02,0,255.28,52.58,1800.00,4.49,0.17,0
"2020-06-30T04:30:00Z","2020-06-30T05:00:00Z",4.78,2.50,8.07,0.74,1800.00,0.27,0.02,0,247.15,52.43,1800.00,4.49,0.17,0
"2020-06-30T05:00:00Z","2020-06-30T05:30:00Z",4.27,1.87,7.11,0.63,1800.00,0.22,0.02,0,262.40,48.48,1800.00,4.48,0.16,0
"2020-06-30T05:30:00Z","2020-06-30T06:00:00Z",4.29,2.30,7.29,0.78,1790.00,0.23,0.02,0,261.38,87.88,1790.00,4.49,0.22,0
"2020-06-30T06:00:00Z","2020-06-30T06:30:00Z",4.62,2.07,9.72,1.75,1800.00,0.36,0.03,0,241.04,86.28,1800.00,4.49,0.22,0
"2020-06-30T06:30:00Z","2020-06-30T07:00:00Z",5.60,2.80,9.23,1.07,1800.00,0.33,0.02,0,237.51,75.63,1800.00,4.49,0.20,0
"2020-06-30T07:00:00Z","2020-06-30T07:30:00Z",3.82,1.52,7.62,1.36,1800.00,0.25,0.03,0,262.54,119.31,1800.00,4.50,0.26,0
"2020-06-30T07:30:00Z","2020-06-30T08:00:00Z",2.43,0.71,5.11,0.47,1800.00,0.11,0.02,0,245.75,215.03,1800.00,4.53,0.35,0
"2020-06-30T08:00:00Z","2020-06-30T08:30:00Z",1.17,0.02,3.72,0.63,1687.00,0.08,0.02,0,323.70,4057.52,1687.00,5.44,1.55,1
"2020-06-30T08:30:00Z","2020-06-30T09:00:00Z",1.13,0.00,4.15,0.45,1789.00,0.09,0.02,0,316.77,2772.98,1789.00,5.12,1.24,1
"2020-06-30T09:00:00Z","2020-06-30T09:30:00Z",0.65,0.12,1.57,0.09,1800.00,0.04,0.01,0,286.04,2566.58,1800.00,5.07,1.19,0
"2020-06-30T09:30:00Z","2020-06-30T10:00:00Z",1.37,0.60,2.65,0.12,1800.00,0.06,0.01,0,238.33,123.67,1800.00,4.50,0.26,0
"2020-06-30T10:00:00Z","2020-06-30T10:30:00Z",1.84,0.91,2.96,0.12,1800.00,0.06,0.01,0,268.76,354.19,1800.00,4.56,0.44,0
"2020-06-30T10:30:00Z","2020-06-30T11:00:00Z",2.86,1.04,6.44,1.13,1800.00,0.19,0.03,0,269.71,162.27,1800.00,4.51,0.30,0
"2020-06-30T11:00:00Z","2020-06-30T11:30:00Z",2.13,1.13,4.96,0.39,1800.00,0.10,0.01,0,253.89,58.02,1800.00,4.49,0.18,0
"2020-06-30T11:30:00Z","2020-06-30T12:00:00Z",1.85,1.22,3.05,0.07,1800.00,0.06,0.01,0,265.60,73.25,1800.00,4.49,0.20,0
"2020-06-30T12:00:00Z","2020-06-30T12:30:00Z",1.59,0.99,2.23,0.03,1800.00,0.05,0.00,0,253.20,301.48,1800.00,4.55,0.41,0
"2020-06-30T12:30:00Z","2020-06-30T13:00:00Z",1.16,0.26,2.25,0.11,1800.00,0.05,0.01,0,202.99,344.87,1800.00,4.56,0.44,0
"2020-06-30T13:00:00Z","2020-06-30T13:30:00Z",0.56,0.04,1.48,0.08,1792.00,0.03,0.01,0,225.58,2404.76,1792.00,5.04,1.16,0
"2020-06-30T13:30:00Z","2020-06-30T14:00:00Z",1.57,0.74,2.57,0.08,1800.00,0.05,0.01,0,218.01,146.35,1800.00,4.51,0.29,0
"2020-06-30T14:00:00Z","2020-06-30T14:30:00Z",1.61,1.13,2.26,0.04,1800.00,0.05,0.00,0,226.60,105.57,1800.00,4.50,0.24,0
"2020-06-30T14:30:00Z","2020-06-30T15:00:00Z",1.53,0.96,2.21,0.04,1800.00,0.05,0.00,0,245.47,72.97,1800.00,4.49,0.20,0
"2020-06-30T15:00:00Z","2020-06-30T15:30:00Z",1.87,0.96,3.08,0.11,1800.00,0.06,0.01,0,247.85,54.19,1800.00,4.49,0.17,0
"2020-06-30T15:30:00Z","2020-06-30T16:00:00Z",2.10,0.95,3.67,0.31,1800.00,0.08,0.01,0,250.71,343.93,1800.00,4.56,0.44,0
"2020-06-30T16:00:00Z","2020-06-30T16:30:00Z",1.84,0.46,3.71,0.33,1800.00,0.08,0.01,0,265.33,217.42,1800.00,4.53,0.35,0
"2020-06-30T16:30:00Z","2020-06-30T17:00:00Z",3.29,1.58,5.47,0.41,1800.00,0.13,0.02,0,262.29,116.61,1800.00,4.50,0.25,0
"2020-06-30T17:00:00Z","2020-06-30T17:30:00Z",2.80,0.94,4.65,0.30,1793.00,0.10,0.01,0,253.01,148.28,1793.00,4.51,0.29,0
"2020-06-30T17:30:00Z","2020-06-30T18:00:00Z",1.78,0.10,5.50,0.94,1800.00,0.14,0.02,0,252.66,768.91,1800.00,4.66,0.65,0
"2020-06-30T18:00:00Z","2020-06-30T18:30:00Z",4.34,1.42,11.06,2.58,1800.00,0.44,0.04,0,300.57,203.11,1800.00,4.52,0.34,0
"2020-06-30T18:30:00Z","2020-06-30T19:00:00Z",2.06,0.51,3.45,0.33,1800.00,0.07,0.01,0,237.80,648.15,1800.00,4.63,0.60,0
"2020-06-30T19:00:00Z","2020-06-30T19:30:00Z",3.83,0.67,14.36,5.66,1800.00,0.66,0.06,0,261.07,477.03,1800.00,4.59,0.51,0
"2020-06-30T19:30:00Z","2020-06-30T20:00:00Z",3.32,0.49,7.86,1.86,1800.00,0.26,0.03,0,264.20,307.21,1800.00,4.55,0.41,0
"2020-06-30T20:00:00Z","2020-06-30T20:30:00Z",5.88,2.27,12.26,2.43,1800.00,0.50,0.04,0,272.18,185.28,1800.00,4.52,0.32,0
"2020-06-30T20:30:00Z","2020-06-30T21:00:00Z",4.86,2.31,7.97,0.97,1800.00,0.27,0.02,0,275.64,88.92,1800.00,4.49,0.22,0
"2020-06-30T21:00:00Z","2020-06-30T21:30:00Z",4.03,1.14,8.18,1.74,1800.00,0.28,0.03,0,255.51,189.21,1800.00,4.52,0.32,0
"2020-06-30T21:30:00Z","2020-06-30T22:00:00Z",6.30,2.14,10.99,2.44,1789.00,0.43,0.04,0,268.70,154.35,1789.00,4.51,0.29,0
"2020-06-30T22:00:00Z","2020-06-30T22:30:00Z",6.02,2.52,12.68,1.65,1800.00,0.53,0.03,0,265.65,233.89,1800.00,4.53,0.36,0
"2020-06-30T22:30:00Z","2020-06-30T23:00:00Z",6.97,3.52,11.39,1.83,1800.00,0.45,0.03,0,259.28,130.00,1800.00,4.50,0.27,0
"2020-06-30T23:00:00Z","2020-06-30T23:30:00Z",7.32,3.30,11.25,1.93,1800.00,0.44,0.03,0,275.14,113.13,1800.00,4.50,0.25,0
"2020-06-30T23:30:00Z","2020-07-01T00:00:00Z",7.16,3.46,11.64,1.76,1800.00,0.46,0.03,0,271.61,122.54,1800.00,4.50,0.26,0
